,mean_fit_time,std_fit_time,mean_score_time,std_score_time,param_St_Scaler__copy,param_St_Scaler__with_mean,param_St_Scaler__with_std,param_mdl_reg__C,param_mdl_reg__cache_size,param_mdl_reg__epsilon,param_mdl_reg__gamma,param_mdl_reg__kernel,param_mdl_reg__max_iter,param_mdl_reg__shrinking,param_mdl_reg__tol,params,split0_test_score,split1_test_score,split2_test_score,split3_test_score,split4_test_score,mean_test_score,std_test_score,rank_test_score
0,1.5740296840667725,0.1124222683230412,0.10273637771606445,0.0036525124371849876,True,False,True,1.0,2000,0.1,1.0023052380778996,linear,100000,False,1e-06,"{'St_Scaler__copy': True, 'St_Scaler__with_mean': False, 'St_Scaler__with_std': True, 'mdl_reg__C': 1.0, 'mdl_reg__cache_size': 2000, 'mdl_reg__epsilon': 0.1, 'mdl_reg__gamma': 1.0023052380778996, 'mdl_reg__kernel': 'linear', 'mdl_reg__max_iter': 100000, 'mdl_reg__shrinking': False, 'mdl_reg__tol': 1e-06}",0.3285959944541724,0.3753537551293159,0.35840472298471526,0.24918806813111805,0.22773972766873263,0.3078564536736109,0.05899459472501213,17
1,1.4724909305572509,0.12286922810725566,0.08195004463195801,0.014301961020764527,True,False,True,1.0,2000,0.1,1.0023052380778996,linear,100000,False,1e-05,"{'St_Scaler__copy': True, 'St_Scaler__with_mean': False, 'St_Scaler__with_std': True, 'mdl_reg__C': 1.0, 'mdl_reg__cache_size': 2000, 'mdl_reg__epsilon': 0.1, 'mdl_reg__gamma': 1.0023052380778996, 'mdl_reg__kernel': 'linear', 'mdl_reg__max_iter': 100000, 'mdl_reg__shrinking': False, 'mdl_reg__tol': 1e-05}",0.32859598744238816,0.3753537304337049,0.35840471568093757,0.2491880664383309,0.22773972973267653,0.3078564459456077,0.058994587105517866,21
2,1.3267792224884034,0.11648951242824579,0.07775259017944336,0.005303778135887625,True,False,True,1.0,2000,0.1,1.0023052380778996,linear,100000,False,0.0001,"{'St_Scaler__copy': True, 'St_Scaler__with_mean': False, 'St_Scaler__with_std': True, 'mdl_reg__C': 1.0, 'mdl_reg__cache_size': 2000, 'mdl_reg__epsilon': 0.1, 'mdl_reg__gamma': 1.0023052380778996, 'mdl_reg__kernel': 'linear', 'mdl_reg__max_iter': 100000, 'mdl_reg__shrinking': False, 'mdl_reg__tol': 0.0001}",0.3285956387771577,0.37535358788699014,0.35840462514653215,0.2491880551000697,0.2277397314091807,0.3078563276639861,0.0589945162579274,25
3,1.3359755516052245,0.09531021590905103,0.07315449714660645,0.0015993357015703484,True,False,True,1.0,2000,0.1,1.0023052380778996,linear,100000,False,0.001,"{'St_Scaler__copy': True, 'St_Scaler__with_mean': False, 'St_Scaler__with_std': True, 'mdl_reg__C': 1.0, 'mdl_reg__cache_size': 2000, 'mdl_reg__epsilon': 0.1, 'mdl_reg__gamma': 1.0023052380778996, 'mdl_reg__kernel': 'linear', 'mdl_reg__max_iter': 100000, 'mdl_reg__shrinking': False, 'mdl_reg__tol': 0.001}",0.3285926433674099,0.3753511262931911,0.35840342465128994,0.2491884991225185,0.22773982871518594,0.3078551044299191,0.0589934219161688,29
4,1.350966787338257,0.09795402629986444,0.08194985389709472,0.022003415670782036,True,False,True,1.0,2000,0.1,2.157744409152647e+33,linear,100000,False,1e-06,"{'St_Scaler__copy': True, 'St_Scaler__with_mean': False, 'St_Scaler__with_std': True, 'mdl_reg__C': 1.0, 'mdl_reg__cache_size': 2000, 'mdl_reg__epsilon': 0.1, 'mdl_reg__gamma': 2.157744409152647e+33, 'mdl_reg__kernel': 'linear', 'mdl_reg__max_iter': 100000, 'mdl_reg__shrinking': False, 'mdl_reg__tol': 1e-06}",0.3285959944541724,0.3753537551293159,0.35840472298471526,0.24918806813111805,0.22773972766873263,0.3078564536736109,0.05899459472501213,17
5,1.3429710388183593,0.1151566172824633,0.0717576026916504,0.001717708810583543,True,False,True,1.0,2000,0.1,2.157744409152647e+33,linear,100000,False,1e-05,"{'St_Scaler__copy': True, 'St_Scaler__with_mean': False, 'St_Scaler__with_std': True, 'mdl_reg__C': 1.0, 'mdl_reg__cache_size': 2000, 'mdl_reg__epsilon': 0.1, 'mdl_reg__gamma': 2.157744409152647e+33, 'mdl_reg__kernel': 'linear', 'mdl_reg__max_iter': 100000, 'mdl_reg__shrinking': False, 'mdl_reg__tol': 1e-05}",0.32859598744238816,0.3753537304337049,0.35840471568093757,0.2491880664383309,0.22773972973267653,0.3078564459456077,0.058994587105517866,21
6,1.362760639190674,0.08158090647243119,0.0813488483428955,0.008975236122131532,True,False,True,1.0,2000,0.1,2.157744409152647e+33,linear,100000,False,0.0001,"{'St_Scaler__copy': True, 'St_Scaler__with_mean': False, 'St_Scaler__with_std': True, 'mdl_reg__C': 1.0, 'mdl_reg__cache_size': 2000, 'mdl_reg__epsilon': 0.1, 'mdl_reg__gamma': 2.157744409152647e+33, 'mdl_reg__kernel': 'linear', 'mdl_reg__max_iter': 100000, 'mdl_reg__shrinking': False, 'mdl_reg__tol': 0.0001}",0.3285956387771577,0.37535358788699014,0.35840462514653215,0.2491880551000697,0.2277397314091807,0.3078563276639861,0.0589945162579274,25
7,1.3423715114593506,0.10670328526211063,0.07915139198303223,0.008004917646809375,True,False,True,1.0,2000,0.1,2.157744409152647e+33,linear,100000,False,0.001,"{'St_Scaler__copy': True, 'St_Scaler__with_mean': False, 'St_Scaler__with_std': True, 'mdl_reg__C': 1.0, 'mdl_reg__cache_size': 2000, 'mdl_reg__epsilon': 0.1, 'mdl_reg__gamma': 2.157744409152647e+33, 'mdl_reg__kernel': 'linear', 'mdl_reg__max_iter': 100000, 'mdl_reg__shrinking': False, 'mdl_reg__tol': 0.001}",0.3285926433674099,0.3753511262931911,0.35840342465128994,0.2491884991225185,0.22773982871518594,0.3078551044299191,0.0589934219161688,29
8,1.380547857284546,0.09391073148683045,0.08394880294799804,0.015222249493238669,True,False,True,1.0,2000,0.1,4.645152752227511e+66,linear,100000,False,1e-06,"{'St_Scaler__copy': True, 'St_Scaler__with_mean': False, 'St_Scaler__with_std': True, 'mdl_reg__C': 1.0, 'mdl_reg__cache_size': 2000, 'mdl_reg__epsilon': 0.1, 'mdl_reg__gamma': 4.645152752227511e+66, 'mdl_reg__kernel': 'linear', 'mdl_reg__max_iter': 100000, 'mdl_reg__shrinking': False, 'mdl_reg__tol': 1e-06}",0.3285959944541724,0.3753537551293159,0.35840472298471526,0.24918806813111805,0.22773972766873263,0.3078564536736109,0.05899459472501213,17
9,1.393541145324707,0.11963772953692287,0.07575187683105469,0.005033321009070694,True,False,True,1.0,2000,0.1,4.645152752227511e+66,linear,100000,False,1e-05,"{'St_Scaler__copy': True, 'St_Scaler__with_mean': False, 'St_Scaler__with_std': True, 'mdl_reg__C': 1.0, 'mdl_reg__cache_size': 2000, 'mdl_reg__epsilon': 0.1, 'mdl_reg__gamma': 4.645152752227511e+66, 'mdl_reg__kernel': 'linear', 'mdl_reg__max_iter': 100000, 'mdl_reg__shrinking': False, 'mdl_reg__tol': 1e-05}",0.32859598744238816,0.3753537304337049,0.35840471568093757,0.2491880664383309,0.22773972973267653,0.3078564459456077,0.058994587105517866,21
10,1.3357767105102538,0.09946589297543615,0.08794474601745605,0.02137690068210193,True,False,True,1.0,2000,0.1,4.645152752227511e+66,linear,100000,False,0.0001,"{'St_Scaler__copy': True, 'St_Scaler__with_mean': False, 'St_Scaler__with_std': True, 'mdl_reg__C': 1.0, 'mdl_reg__cache_size': 2000, 'mdl_reg__epsilon': 0.1, 'mdl_reg__gamma': 4.645152752227511e+66, 'mdl_reg__kernel': 'linear', 'mdl_reg__max_iter': 100000, 'mdl_reg__shrinking': False, 'mdl_reg__tol': 0.0001}",0.3285956387771577,0.37535358788699014,0.35840462514653215,0.2491880551000697,0.2277397314091807,0.3078563276639861,0.0589945162579274,25
11,1.307194137573242,0.10161256197726799,0.08294825553894043,0.011602287044010033,True,False,True,1.0,2000,0.1,4.645152752227511e+66,linear,100000,False,0.001,"{'St_Scaler__copy': True, 'St_Scaler__with_mean': False, 'St_Scaler__with_std': True, 'mdl_reg__C': 1.0, 'mdl_reg__cache_size': 2000, 'mdl_reg__epsilon': 0.1, 'mdl_reg__gamma': 4.645152752227511e+66, 'mdl_reg__kernel': 'linear', 'mdl_reg__max_iter': 100000, 'mdl_reg__shrinking': False, 'mdl_reg__tol': 0.001}",0.3285926433674099,0.3753511262931911,0.35840342465128994,0.2491884991225185,0.22773982871518594,0.3078551044299191,0.0589934219161688,29
12,1.3519641399383544,0.07006591431505646,0.0785512924194336,0.007546879709348749,True,False,True,1.0,2000,0.1,1e+100,linear,100000,False,1e-06,"{'St_Scaler__copy': True, 'St_Scaler__with_mean': False, 'St_Scaler__with_std': True, 'mdl_reg__C': 1.0, 'mdl_reg__cache_size': 2000, 'mdl_reg__epsilon': 0.1, 'mdl_reg__gamma': 1e+100, 'mdl_reg__kernel': 'linear', 'mdl_reg__max_iter': 100000, 'mdl_reg__shrinking': False, 'mdl_reg__tol': 1e-06}",0.3285959944541724,0.3753537551293159,0.35840472298471526,0.24918806813111805,0.22773972766873263,0.3078564536736109,0.05899459472501213,17
13,1.3635589122772216,0.11219643014713417,0.08314747810363769,0.015253941999466772,True,False,True,1.0,2000,0.1,1e+100,linear,100000,False,1e-05,"{'St_Scaler__copy': True, 'St_Scaler__with_mean': False, 'St_Scaler__with_std': True, 'mdl_reg__C': 1.0, 'mdl_reg__cache_size': 2000, 'mdl_reg__epsilon': 0.1, 'mdl_reg__gamma': 1e+100, 'mdl_reg__kernel': 'linear', 'mdl_reg__max_iter': 100000, 'mdl_reg__shrinking': False, 'mdl_reg__tol': 1e-05}",0.32859598744238816,0.3753537304337049,0.35840471568093757,0.2491880664383309,0.22773972973267653,0.3078564459456077,0.058994587105517866,21
14,1.3513675689697267,0.09919512173293896,0.08194808959960938,0.008361229673380786,True,False,True,1.0,2000,0.1,1e+100,linear,100000,False,0.0001,"{'St_Scaler__copy': True, 'St_Scaler__with_mean': False, 'St_Scaler__with_std': True, 'mdl_reg__C': 1.0, 'mdl_reg__cache_size': 2000, 'mdl_reg__epsilon': 0.1, 'mdl_reg__gamma': 1e+100, 'mdl_reg__kernel': 'linear', 'mdl_reg__max_iter': 100000, 'mdl_reg__shrinking': False, 'mdl_reg__tol': 0.0001}",0.3285956387771577,0.37535358788699014,0.35840462514653215,0.2491880551000697,0.2277397314091807,0.3078563276639861,0.0589945162579274,25
15,1.3851466178894043,0.13086557318477154,0.08414721488952637,0.011661671120197845,True,False,True,1.0,2000,0.1,1e+100,linear,100000,False,0.001,"{'St_Scaler__copy': True, 'St_Scaler__with_mean': False, 'St_Scaler__with_std': True, 'mdl_reg__C': 1.0, 'mdl_reg__cache_size': 2000, 'mdl_reg__epsilon': 0.1, 'mdl_reg__gamma': 1e+100, 'mdl_reg__kernel': 'linear', 'mdl_reg__max_iter': 100000, 'mdl_reg__shrinking': False, 'mdl_reg__tol': 0.001}",0.3285926433674099,0.3753511262931911,0.35840342465128994,0.2491884991225185,0.22773982871518594,0.3078551044299191,0.0589934219161688,29
16,1.343771266937256,0.1316660483676683,0.07475318908691406,0.004067291648459428,True,False,True,1.0,2000,6.7333333333333325,1.0023052380778996,linear,100000,False,1e-06,"{'St_Scaler__copy': True, 'St_Scaler__with_mean': False, 'St_Scaler__with_std': True, 'mdl_reg__C': 1.0, 'mdl_reg__cache_size': 2000, 'mdl_reg__epsilon': 6.7333333333333325, 'mdl_reg__gamma': 1.0023052380778996, 'mdl_reg__kernel': 'linear', 'mdl_reg__max_iter': 100000, 'mdl_reg__shrinking': False, 'mdl_reg__tol': 1e-06}",0.332171012154295,0.36681623566008903,0.3568973886627632,0.2490747375970166,0.22825993593366678,0.3066438620015661,0.0570193139892667,49
17,1.31478853225708,0.09512213359428032,0.07335596084594727,0.005079849659371915,True,False,True,1.0,2000,6.7333333333333325,1.0023052380778996,linear,100000,False,1e-05,"{'St_Scaler__copy': True, 'St_Scaler__with_mean': False, 'St_Scaler__with_std': True, 'mdl_reg__C': 1.0, 'mdl_reg__cache_size': 2000, 'mdl_reg__epsilon': 6.7333333333333325, 'mdl_reg__gamma': 1.0023052380778996, 'mdl_reg__kernel': 'linear', 'mdl_reg__max_iter': 100000, 'mdl_reg__shrinking': False, 'mdl_reg__tol': 1e-05}",0.3321710180913823,0.3668162365541703,0.35689738206903776,0.24907473213787357,0.22825993156584323,0.3066438600836614,0.05701931585054213,53
18,1.2858068943023682,0.09169223932690795,0.07475347518920898,0.007673275456501074,True,False,True,1.0,2000,6.7333333333333325,1.0023052380778996,linear,100000,False,0.0001,"{'St_Scaler__copy': True, 'St_Scaler__with_mean': False, 'St_Scaler__with_std': True, 'mdl_reg__C': 1.0, 'mdl_reg__cache_size': 2000, 'mdl_reg__epsilon': 6.7333333333333325, 'mdl_reg__gamma': 1.0023052380778996, 'mdl_reg__kernel': 'linear', 'mdl_reg__max_iter': 100000, 'mdl_reg__shrinking': False, 'mdl_reg__tol': 0.0001}",0.3321710774032198,0.36681626414603774,0.3568973216916548,0.24907468583633552,0.2282598833679309,0.3066438464890357,0.057019338943207924,57
19,1.2764123916625976,0.10566040815942568,0.07235488891601563,0.0020572029880267153,True,False,True,1.0,2000,6.7333333333333325,1.0023052380778996,linear,100000,False,0.001,"{'St_Scaler__copy': True, 'St_Scaler__with_mean': False, 'St_Scaler__with_std': True, 'mdl_reg__C': 1.0, 'mdl_reg__cache_size': 2000, 'mdl_reg__epsilon': 6.7333333333333325, 'mdl_reg__gamma': 1.0023052380778996, 'mdl_reg__kernel': 'linear', 'mdl_reg__max_iter': 100000, 'mdl_reg__shrinking': False, 'mdl_reg__tol': 0.001}",0.3321714479877953,0.36681595574640125,0.3568969756879662,0.24907425876196498,0.2282588486470386,0.3066434973662333,0.05701961676859913,61
20,1.3399742126464844,0.10731406195393373,0.07755117416381836,0.014449709689720288,True,False,True,1.0,2000,6.7333333333333325,2.157744409152647e+33,linear,100000,False,1e-06,"{'St_Scaler__copy': True, 'St_Scaler__with_mean': False, 'St_Scaler__with_std': True, 'mdl_reg__C': 1.0, 'mdl_reg__cache_size': 2000, 'mdl_reg__epsilon': 6.7333333333333325, 'mdl_reg__gamma': 2.157744409152647e+33, 'mdl_reg__kernel': 'linear', 'mdl_reg__max_iter': 100000, 'mdl_reg__shrinking': False, 'mdl_reg__tol': 1e-06}",0.332171012154295,0.36681623566008903,0.3568973886627632,0.2490747375970166,0.22825993593366678,0.3066438620015661,0.0570193139892667,49
21,1.3357757091522218,0.13439501910653046,0.08214993476867676,0.013576800814852923,True,False,True,1.0,2000,6.7333333333333325,2.157744409152647e+33,linear,100000,False,1e-05,"{'St_Scaler__copy': True, 'St_Scaler__with_mean': False, 'St_Scaler__with_std': True, 'mdl_reg__C': 1.0, 'mdl_reg__cache_size': 2000, 'mdl_reg__epsilon': 6.7333333333333325, 'mdl_reg__gamma': 2.157744409152647e+33, 'mdl_reg__kernel': 'linear', 'mdl_reg__max_iter': 100000, 'mdl_reg__shrinking': False, 'mdl_reg__tol': 1e-05}",0.3321710180913823,0.3668162365541703,0.35689738206903776,0.24907473213787357,0.22825993156584323,0.3066438600836614,0.05701931585054213,53
22,1.2972000598907472,0.11352554338909822,0.07495436668395997,0.0030307138634778664,True,False,True,1.0,2000,6.7333333333333325,2.157744409152647e+33,linear,100000,False,0.0001,"{'St_Scaler__copy': True, 'St_Scaler__with_mean': False, 'St_Scaler__with_std': True, 'mdl_reg__C': 1.0, 'mdl_reg__cache_size': 2000, 'mdl_reg__epsilon': 6.7333333333333325, 'mdl_reg__gamma': 2.157744409152647e+33, 'mdl_reg__kernel': 'linear', 'mdl_reg__max_iter': 100000, 'mdl_reg__shrinking': False, 'mdl_reg__tol': 0.0001}",0.3321710774032198,0.36681626414603774,0.3568973216916548,0.24907468583633552,0.2282598833679309,0.3066438464890357,0.057019338943207924,57
23,1.2508283615112306,0.11205726270890957,0.07475481033325196,0.001938936444159642,True,False,True,1.0,2000,6.7333333333333325,2.157744409152647e+33,linear,100000,False,0.001,"{'St_Scaler__copy': True, 'St_Scaler__with_mean': False, 'St_Scaler__with_std': True, 'mdl_reg__C': 1.0, 'mdl_reg__cache_size': 2000, 'mdl_reg__epsilon': 6.7333333333333325, 'mdl_reg__gamma': 2.157744409152647e+33, 'mdl_reg__kernel': 'linear', 'mdl_reg__max_iter': 100000, 'mdl_reg__shrinking': False, 'mdl_reg__tol': 0.001}",0.3321714479877953,0.36681595574640125,0.3568969756879662,0.24907425876196498,0.2282588486470386,0.3066434973662333,0.05701961676859913,61
24,1.333777379989624,0.16231684523796427,0.07695260047912597,0.00913772304841149,True,False,True,1.0,2000,6.7333333333333325,4.645152752227511e+66,linear,100000,False,1e-06,"{'St_Scaler__copy': True, 'St_Scaler__with_mean': False, 'St_Scaler__with_std': True, 'mdl_reg__C': 1.0, 'mdl_reg__cache_size': 2000, 'mdl_reg__epsilon': 6.7333333333333325, 'mdl_reg__gamma': 4.645152752227511e+66, 'mdl_reg__kernel': 'linear', 'mdl_reg__max_iter': 100000, 'mdl_reg__shrinking': False, 'mdl_reg__tol': 1e-06}",0.332171012154295,0.36681623566008903,0.3568973886627632,0.2490747375970166,0.22825993593366678,0.3066438620015661,0.0570193139892667,49
25,1.295001220703125,0.1130558464164098,0.0867459774017334,0.017070705774654284,True,False,True,1.0,2000,6.7333333333333325,4.645152752227511e+66,linear,100000,False,1e-05,"{'St_Scaler__copy': True, 'St_Scaler__with_mean': False, 'St_Scaler__with_std': True, 'mdl_reg__C': 1.0, 'mdl_reg__cache_size': 2000, 'mdl_reg__epsilon': 6.7333333333333325, 'mdl_reg__gamma': 4.645152752227511e+66, 'mdl_reg__kernel': 'linear', 'mdl_reg__max_iter': 100000, 'mdl_reg__shrinking': False, 'mdl_reg__tol': 1e-05}",0.3321710180913823,0.3668162365541703,0.35689738206903776,0.24907473213787357,0.22825993156584323,0.3066438600836614,0.05701931585054213,53
26,1.2940027236938476,0.0864187981619965,0.07615184783935547,0.010022173824898365,True,False,True,1.0,2000,6.7333333333333325,4.645152752227511e+66,linear,100000,False,0.0001,"{'St_Scaler__copy': True, 'St_Scaler__with_mean': False, 'St_Scaler__with_std': True, 'mdl_reg__C': 1.0, 'mdl_reg__cache_size': 2000, 'mdl_reg__epsilon': 6.7333333333333325, 'mdl_reg__gamma': 4.645152752227511e+66, 'mdl_reg__kernel': 'linear', 'mdl_reg__max_iter': 100000, 'mdl_reg__shrinking': False, 'mdl_reg__tol': 0.0001}",0.3321710774032198,0.36681626414603774,0.3568973216916548,0.24907468583633552,0.2282598833679309,0.3066438464890357,0.057019338943207924,57
27,1.2430329322814941,0.09565257067922725,0.07655234336853027,0.004027582497472309,True,False,True,1.0,2000,6.7333333333333325,4.645152752227511e+66,linear,100000,False,0.001,"{'St_Scaler__copy': True, 'St_Scaler__with_mean': False, 'St_Scaler__with_std': True, 'mdl_reg__C': 1.0, 'mdl_reg__cache_size': 2000, 'mdl_reg__epsilon': 6.7333333333333325, 'mdl_reg__gamma': 4.645152752227511e+66, 'mdl_reg__kernel': 'linear', 'mdl_reg__max_iter': 100000, 'mdl_reg__shrinking': False, 'mdl_reg__tol': 0.001}",0.3321714479877953,0.36681595574640125,0.3568969756879662,0.24907425876196498,0.2282588486470386,0.3066434973662333,0.05701961676859913,61
28,1.3223846435546875,0.13398721190773957,0.0745539665222168,0.0031975806831328005,True,False,True,1.0,2000,6.7333333333333325,1e+100,linear,100000,False,1e-06,"{'St_Scaler__copy': True, 'St_Scaler__with_mean': False, 'St_Scaler__with_std': True, 'mdl_reg__C': 1.0, 'mdl_reg__cache_size': 2000, 'mdl_reg__epsilon': 6.7333333333333325, 'mdl_reg__gamma': 1e+100, 'mdl_reg__kernel': 'linear', 'mdl_reg__max_iter': 100000, 'mdl_reg__shrinking': False, 'mdl_reg__tol': 1e-06}",0.332171012154295,0.36681623566008903,0.3568973886627632,0.2490747375970166,0.22825993593366678,0.3066438620015661,0.0570193139892667,49
29,1.3261818408966064,0.12809756252786997,0.07695221900939941,0.009873448673807631,True,False,True,1.0,2000,6.7333333333333325,1e+100,linear,100000,False,1e-05,"{'St_Scaler__copy': True, 'St_Scaler__with_mean': False, 'St_Scaler__with_std': True, 'mdl_reg__C': 1.0, 'mdl_reg__cache_size': 2000, 'mdl_reg__epsilon': 6.7333333333333325, 'mdl_reg__gamma': 1e+100, 'mdl_reg__kernel': 'linear', 'mdl_reg__max_iter': 100000, 'mdl_reg__shrinking': False, 'mdl_reg__tol': 1e-05}",0.3321710180913823,0.3668162365541703,0.35689738206903776,0.24907473213787357,0.22825993156584323,0.3066438600836614,0.05701931585054213,53
30,1.300597858428955,0.10156538907806849,0.07975029945373535,0.01567936828120098,True,False,True,1.0,2000,6.7333333333333325,1e+100,linear,100000,False,0.0001,"{'St_Scaler__copy': True, 'St_Scaler__with_mean': False, 'St_Scaler__with_std': True, 'mdl_reg__C': 1.0, 'mdl_reg__cache_size': 2000, 'mdl_reg__epsilon': 6.7333333333333325, 'mdl_reg__gamma': 1e+100, 'mdl_reg__kernel': 'linear', 'mdl_reg__max_iter': 100000, 'mdl_reg__shrinking': False, 'mdl_reg__tol': 0.0001}",0.3321710774032198,0.36681626414603774,0.3568973216916548,0.24907468583633552,0.2282598833679309,0.3066438464890357,0.057019338943207924,57
31,1.258023452758789,0.1045168993916819,0.07435445785522461,0.007278877075128282,True,False,True,1.0,2000,6.7333333333333325,1e+100,linear,100000,False,0.001,"{'St_Scaler__copy': True, 'St_Scaler__with_mean': False, 'St_Scaler__with_std': True, 'mdl_reg__C': 1.0, 'mdl_reg__cache_size': 2000, 'mdl_reg__epsilon': 6.7333333333333325, 'mdl_reg__gamma': 1e+100, 'mdl_reg__kernel': 'linear', 'mdl_reg__max_iter': 100000, 'mdl_reg__shrinking': False, 'mdl_reg__tol': 0.001}",0.3321714479877953,0.36681595574640125,0.3568969756879662,0.24907425876196498,0.2282588486470386,0.3066434973662333,0.05701961676859913,61
32,1.1674789905548095,0.04227828277240455,0.06935682296752929,0.0010180468257750916,True,False,True,1.0,2000,13.366666666666665,1.0023052380778996,linear,100000,False,1e-06,"{'St_Scaler__copy': True, 'St_Scaler__with_mean': False, 'St_Scaler__with_std': True, 'mdl_reg__C': 1.0, 'mdl_reg__cache_size': 2000, 'mdl_reg__epsilon': 13.366666666666665, 'mdl_reg__gamma': 1.0023052380778996, 'mdl_reg__kernel': 'linear', 'mdl_reg__max_iter': 100000, 'mdl_reg__shrinking': False, 'mdl_reg__tol': 1e-06}",0.3314794748819624,0.36830017977998675,0.35781681172599866,0.24948455877046416,0.2252282296560285,0.3064618509628881,0.05819365166173301,73
33,1.173875617980957,0.04297401986762106,0.07235536575317383,0.005568472961295596,True,False,True,1.0,2000,13.366666666666665,1.0023052380778996,linear,100000,False,1e-05,"{'St_Scaler__copy': True, 'St_Scaler__with_mean': False, 'St_Scaler__with_std': True, 'mdl_reg__C': 1.0, 'mdl_reg__cache_size': 2000, 'mdl_reg__epsilon': 13.366666666666665, 'mdl_reg__gamma': 1.0023052380778996, 'mdl_reg__kernel': 'linear', 'mdl_reg__max_iter': 100000, 'mdl_reg__shrinking': False, 'mdl_reg__tol': 1e-05}",0.33147948261372473,0.3683001741141836,0.35781681150736944,0.249484553898918,0.22522823319768526,0.30646185106637625,0.05819365104896788,69
34,1.1714762687683105,0.030532149886695094,0.06715922355651856,0.002480267822473086,True,False,True,1.0,2000,13.366666666666665,1.0023052380778996,linear,100000,False,0.0001,"{'St_Scaler__copy': True, 'St_Scaler__with_mean': False, 'St_Scaler__with_std': True, 'mdl_reg__C': 1.0, 'mdl_reg__cache_size': 2000, 'mdl_reg__epsilon': 13.366666666666665, 'mdl_reg__gamma': 1.0023052380778996, 'mdl_reg__kernel': 'linear', 'mdl_reg__max_iter': 100000, 'mdl_reg__shrinking': False, 'mdl_reg__tol': 0.0001}",0.3314795597719977,0.3683000947924532,0.35781678705831643,0.24948452779141228,0.22522826824013753,0.3064618475308635,0.05819363183907388,77
35,1.1558862209320069,0.03810521743521863,0.07795181274414062,0.006598427770715713,True,False,True,1.0,2000,13.366666666666665,1.0023052380778996,linear,100000,False,0.001,"{'St_Scaler__copy': True, 'St_Scaler__with_mean': False, 'St_Scaler__with_std': True, 'mdl_reg__C': 1.0, 'mdl_reg__cache_size': 2000, 'mdl_reg__epsilon': 13.366666666666665, 'mdl_reg__gamma': 1.0023052380778996, 'mdl_reg__kernel': 'linear', 'mdl_reg__max_iter': 100000, 'mdl_reg__shrinking': False, 'mdl_reg__tol': 0.001}",0.331480131621364,0.36829998742143677,0.3578167187727399,0.2494840361869749,0.22522859140577778,0.30646189308165867,0.058193652180357214,65
36,1.1656808853149414,0.016355789620863585,0.07335414886474609,0.009905406564148409,True,False,True,1.0,2000,13.366666666666665,2.157744409152647e+33,linear,100000,False,1e-06,"{'St_Scaler__copy': True, 'St_Scaler__with_mean': False, 'St_Scaler__with_std': True, 'mdl_reg__C': 1.0, 'mdl_reg__cache_size': 2000, 'mdl_reg__epsilon': 13.366666666666665, 'mdl_reg__gamma': 2.157744409152647e+33, 'mdl_reg__kernel': 'linear', 'mdl_reg__max_iter': 100000, 'mdl_reg__shrinking': False, 'mdl_reg__tol': 1e-06}",0.3314794748819624,0.36830017977998675,0.35781681172599866,0.24948455877046416,0.2252282296560285,0.3064618509628881,0.05819365166173301,73
37,1.1702776432037354,0.045949501015439626,0.06835975646972656,0.0017438173461942538,True,False,True,1.0,2000,13.366666666666665,2.157744409152647e+33,linear,100000,False,1e-05,"{'St_Scaler__copy': True, 'St_Scaler__with_mean': False, 'St_Scaler__with_std': True, 'mdl_reg__C': 1.0, 'mdl_reg__cache_size': 2000, 'mdl_reg__epsilon': 13.366666666666665, 'mdl_reg__gamma': 2.157744409152647e+33, 'mdl_reg__kernel': 'linear', 'mdl_reg__max_iter': 100000, 'mdl_reg__shrinking': False, 'mdl_reg__tol': 1e-05}",0.33147948261372473,0.3683001741141836,0.35781681150736944,0.249484553898918,0.22522823319768526,0.30646185106637625,0.05819365104896788,69
38,1.1508888244628905,0.0443110488936777,0.06735849380493164,0.0028689233577065087,True,False,True,1.0,2000,13.366666666666665,2.157744409152647e+33,linear,100000,False,0.0001,"{'St_Scaler__copy': True, 'St_Scaler__with_mean': False, 'St_Scaler__with_std': True, 'mdl_reg__C': 1.0, 'mdl_reg__cache_size': 2000, 'mdl_reg__epsilon': 13.366666666666665, 'mdl_reg__gamma': 2.157744409152647e+33, 'mdl_reg__kernel': 'linear', 'mdl_reg__max_iter': 100000, 'mdl_reg__shrinking': False, 'mdl_reg__tol': 0.0001}",0.3314795597719977,0.3683000947924532,0.35781678705831643,0.24948452779141228,0.22522826824013753,0.3064618475308635,0.05819363183907388,77
39,1.136298942565918,0.03993011358106922,0.06915721893310547,0.003706407456511561,True,False,True,1.0,2000,13.366666666666665,2.157744409152647e+33,linear,100000,False,0.001,"{'St_Scaler__copy': True, 'St_Scaler__with_mean': False, 'St_Scaler__with_std': True, 'mdl_reg__C': 1.0, 'mdl_reg__cache_size': 2000, 'mdl_reg__epsilon': 13.366666666666665, 'mdl_reg__gamma': 2.157744409152647e+33, 'mdl_reg__kernel': 'linear', 'mdl_reg__max_iter': 100000, 'mdl_reg__shrinking': False, 'mdl_reg__tol': 0.001}",0.331480131621364,0.36829998742143677,0.3578167187727399,0.2494840361869749,0.22522859140577778,0.30646189308165867,0.058193652180357214,65
40,1.1866682052612305,0.04000832421029049,0.07015805244445801,0.010413609498345015,True,False,True,1.0,2000,13.366666666666665,4.645152752227511e+66,linear,100000,False,1e-06,"{'St_Scaler__copy': True, 'St_Scaler__with_mean': False, 'St_Scaler__with_std': True, 'mdl_reg__C': 1.0, 'mdl_reg__cache_size': 2000, 'mdl_reg__epsilon': 13.366666666666665, 'mdl_reg__gamma': 4.645152752227511e+66, 'mdl_reg__kernel': 'linear', 'mdl_reg__max_iter': 100000, 'mdl_reg__shrinking': False, 'mdl_reg__tol': 1e-06}",0.3314794748819624,0.36830017977998675,0.35781681172599866,0.24948455877046416,0.2252282296560285,0.3064618509628881,0.05819365166173301,73
41,1.1584848403930663,0.010101190587412273,0.06835899353027344,0.0024155149133768864,True,False,True,1.0,2000,13.366666666666665,4.645152752227511e+66,linear,100000,False,1e-05,"{'St_Scaler__copy': True, 'St_Scaler__with_mean': False, 'St_Scaler__with_std': True, 'mdl_reg__C': 1.0, 'mdl_reg__cache_size': 2000, 'mdl_reg__epsilon': 13.366666666666665, 'mdl_reg__gamma': 4.645152752227511e+66, 'mdl_reg__kernel': 'linear', 'mdl_reg__max_iter': 100000, 'mdl_reg__shrinking': False, 'mdl_reg__tol': 1e-05}",0.33147948261372473,0.3683001741141836,0.35781681150736944,0.249484553898918,0.22522823319768526,0.30646185106637625,0.05819365104896788,69
42,1.18127121925354,0.02205036791457975,0.06855769157409668,0.004838160408522978,True,False,True,1.0,2000,13.366666666666665,4.645152752227511e+66,linear,100000,False,0.0001,"{'St_Scaler__copy': True, 'St_Scaler__with_mean': False, 'St_Scaler__with_std': True, 'mdl_reg__C': 1.0, 'mdl_reg__cache_size': 2000, 'mdl_reg__epsilon': 13.366666666666665, 'mdl_reg__gamma': 4.645152752227511e+66, 'mdl_reg__kernel': 'linear', 'mdl_reg__max_iter': 100000, 'mdl_reg__shrinking': False, 'mdl_reg__tol': 0.0001}",0.3314795597719977,0.3683000947924532,0.35781678705831643,0.24948452779141228,0.22522826824013753,0.3064618475308635,0.05819363183907388,77
43,1.1556854248046875,0.029838883644558195,0.06875786781311036,0.0027113679525126036,True,False,True,1.0,2000,13.366666666666665,4.645152752227511e+66,linear,100000,False,0.001,"{'St_Scaler__copy': True, 'St_Scaler__with_mean': False, 'St_Scaler__with_std': True, 'mdl_reg__C': 1.0, 'mdl_reg__cache_size': 2000, 'mdl_reg__epsilon': 13.366666666666665, 'mdl_reg__gamma': 4.645152752227511e+66, 'mdl_reg__kernel': 'linear', 'mdl_reg__max_iter': 100000, 'mdl_reg__shrinking': False, 'mdl_reg__tol': 0.001}",0.331480131621364,0.36829998742143677,0.3578167187727399,0.2494840361869749,0.22522859140577778,0.30646189308165867,0.058193652180357214,65
44,1.178672981262207,0.03653823853068756,0.06915798187255859,0.003056699657873464,True,False,True,1.0,2000,13.366666666666665,1e+100,linear,100000,False,1e-06,"{'St_Scaler__copy': True, 'St_Scaler__with_mean': False, 'St_Scaler__with_std': True, 'mdl_reg__C': 1.0, 'mdl_reg__cache_size': 2000, 'mdl_reg__epsilon': 13.366666666666665, 'mdl_reg__gamma': 1e+100, 'mdl_reg__kernel': 'linear', 'mdl_reg__max_iter': 100000, 'mdl_reg__shrinking': False, 'mdl_reg__tol': 1e-06}",0.3314794748819624,0.36830017977998675,0.35781681172599866,0.24948455877046416,0.2252282296560285,0.3064618509628881,0.05819365166173301,73
45,1.1694782257080079,0.06164235507723527,0.06535944938659669,0.0024962796524551074,True,False,True,1.0,2000,13.366666666666665,1e+100,linear,100000,False,1e-05,"{'St_Scaler__copy': True, 'St_Scaler__with_mean': False, 'St_Scaler__with_std': True, 'mdl_reg__C': 1.0, 'mdl_reg__cache_size': 2000, 'mdl_reg__epsilon': 13.366666666666665, 'mdl_reg__gamma': 1e+100, 'mdl_reg__kernel': 'linear', 'mdl_reg__max_iter': 100000, 'mdl_reg__shrinking': False, 'mdl_reg__tol': 1e-05}",0.33147948261372473,0.3683001741141836,0.35781681150736944,0.249484553898918,0.22522823319768526,0.30646185106637625,0.05819365104896788,69
46,1.1916648864746093,0.039252321702376955,0.07015671730041503,0.0031227933652141966,True,False,True,1.0,2000,13.366666666666665,1e+100,linear,100000,False,0.0001,"{'St_Scaler__copy': True, 'St_Scaler__with_mean': False, 'St_Scaler__with_std': True, 'mdl_reg__C': 1.0, 'mdl_reg__cache_size': 2000, 'mdl_reg__epsilon': 13.366666666666665, 'mdl_reg__gamma': 1e+100, 'mdl_reg__kernel': 'linear', 'mdl_reg__max_iter': 100000, 'mdl_reg__shrinking': False, 'mdl_reg__tol': 0.0001}",0.3314795597719977,0.3683000947924532,0.35781678705831643,0.24948452779141228,0.22522826824013753,0.3064618475308635,0.05819363183907388,77
47,1.1404959678649902,0.03292424554777411,0.06835875511169434,0.005495478798433643,True,False,True,1.0,2000,13.366666666666665,1e+100,linear,100000,False,0.001,"{'St_Scaler__copy': True, 'St_Scaler__with_mean': False, 'St_Scaler__with_std': True, 'mdl_reg__C': 1.0, 'mdl_reg__cache_size': 2000, 'mdl_reg__epsilon': 13.366666666666665, 'mdl_reg__gamma': 1e+100, 'mdl_reg__kernel': 'linear', 'mdl_reg__max_iter': 100000, 'mdl_reg__shrinking': False, 'mdl_reg__tol': 0.001}",0.331480131621364,0.36829998742143677,0.3578167187727399,0.2494840361869749,0.22522859140577778,0.30646189308165867,0.058193652180357214,65
48,1.2844074249267579,0.2839113053746518,0.06775894165039062,0.008005195068576158,True,False,True,1.0,2000,20.0,1.0023052380778996,linear,100000,False,1e-06,"{'St_Scaler__copy': True, 'St_Scaler__with_mean': False, 'St_Scaler__with_std': True, 'mdl_reg__C': 1.0, 'mdl_reg__cache_size': 2000, 'mdl_reg__epsilon': 20.0, 'mdl_reg__gamma': 1.0023052380778996, 'mdl_reg__kernel': 'linear', 'mdl_reg__max_iter': 100000, 'mdl_reg__shrinking': False, 'mdl_reg__tol': 1e-06}",0.33451157968828615,0.3718750468632067,0.3596285465888588,0.2553486759331235,0.22769712638543815,0.3098121950917826,0.05771080570174237,13
49,1.1942639350891113,0.1867299605226051,0.06655826568603515,0.0054580526613135965,True,False,True,1.0,2000,20.0,1.0023052380778996,linear,100000,False,1e-05,"{'St_Scaler__copy': True, 'St_Scaler__with_mean': False, 'St_Scaler__with_std': True, 'mdl_reg__C': 1.0, 'mdl_reg__cache_size': 2000, 'mdl_reg__epsilon': 20.0, 'mdl_reg__gamma': 1.0023052380778996, 'mdl_reg__kernel': 'linear', 'mdl_reg__max_iter': 100000, 'mdl_reg__shrinking': False, 'mdl_reg__tol': 1e-05}",0.3345116213382925,0.3718750468900891,0.35962854256002563,0.2553486733624536,0.2276971162111434,0.30981220007240085,0.05771081195765075,9
50,1.2280403614044189,0.18726803308910925,0.06995649337768554,0.009522768291406886,True,False,True,1.0,2000,20.0,1.0023052380778996,linear,100000,False,0.0001,"{'St_Scaler__copy': True, 'St_Scaler__with_mean': False, 'St_Scaler__with_std': True, 'mdl_reg__C': 1.0, 'mdl_reg__cache_size': 2000, 'mdl_reg__epsilon': 20.0, 'mdl_reg__gamma': 1.0023052380778996, 'mdl_reg__kernel': 'linear', 'mdl_reg__max_iter': 100000, 'mdl_reg__shrinking': False, 'mdl_reg__tol': 0.0001}",0.33451208742372984,0.3718749684246935,0.35962850581219397,0.2553486638972694,0.22769703197189894,0.3098122515059571,0.057710854391768505,5
51,1.19026780128479,0.17571231594891795,0.06275935173034668,0.0035427925528666296,True,False,True,1.0,2000,20.0,1.0023052380778996,linear,100000,False,0.001,"{'St_Scaler__copy': True, 'St_Scaler__with_mean': False, 'St_Scaler__with_std': True, 'mdl_reg__C': 1.0, 'mdl_reg__cache_size': 2000, 'mdl_reg__epsilon': 20.0, 'mdl_reg__gamma': 1.0023052380778996, 'mdl_reg__kernel': 'linear', 'mdl_reg__max_iter': 100000, 'mdl_reg__shrinking': False, 'mdl_reg__tol': 0.001}",0.3345174483087766,0.3718749684246935,0.35962803571861446,0.2553486847279688,0.22769602753911722,0.3098130329438341,0.05771151406577836,1
52,1.2524280071258544,0.2440832261217286,0.07515416145324708,0.011208235652214594,True,False,True,1.0,2000,20.0,2.157744409152647e+33,linear,100000,False,1e-06,"{'St_Scaler__copy': True, 'St_Scaler__with_mean': False, 'St_Scaler__with_std': True, 'mdl_reg__C': 1.0, 'mdl_reg__cache_size': 2000, 'mdl_reg__epsilon': 20.0, 'mdl_reg__gamma': 2.157744409152647e+33, 'mdl_reg__kernel': 'linear', 'mdl_reg__max_iter': 100000, 'mdl_reg__shrinking': False, 'mdl_reg__tol': 1e-06}",0.33451157968828615,0.3718750468632067,0.3596285465888588,0.2553486759331235,0.22769712638543815,0.3098121950917826,0.05771080570174237,13
53,1.206855297088623,0.20683868042947173,0.07635273933410644,0.014337580276902193,True,False,True,1.0,2000,20.0,2.157744409152647e+33,linear,100000,False,1e-05,"{'St_Scaler__copy': True, 'St_Scaler__with_mean': False, 'St_Scaler__with_std': True, 'mdl_reg__C': 1.0, 'mdl_reg__cache_size': 2000, 'mdl_reg__epsilon': 20.0, 'mdl_reg__gamma': 2.157744409152647e+33, 'mdl_reg__kernel': 'linear', 'mdl_reg__max_iter': 100000, 'mdl_reg__shrinking': False, 'mdl_reg__tol': 1e-05}",0.3345116213382925,0.3718750468900891,0.35962854256002563,0.2553486733624536,0.2276971162111434,0.30981220007240085,0.05771081195765075,9
54,1.1990604877471924,0.18082761187624855,0.07235569953918457,0.012808996103660583,True,False,True,1.0,2000,20.0,2.157744409152647e+33,linear,100000,False,0.0001,"{'St_Scaler__copy': True, 'St_Scaler__with_mean': False, 'St_Scaler__with_std': True, 'mdl_reg__C': 1.0, 'mdl_reg__cache_size': 2000, 'mdl_reg__epsilon': 20.0, 'mdl_reg__gamma': 2.157744409152647e+33, 'mdl_reg__kernel': 'linear', 'mdl_reg__max_iter': 100000, 'mdl_reg__shrinking': False, 'mdl_reg__tol': 0.0001}",0.33451208742372984,0.3718749684246935,0.35962850581219397,0.2553486638972694,0.22769703197189894,0.3098122515059571,0.057710854391768505,5
55,1.2144500732421875,0.20806796645796716,0.0715555191040039,0.011629775197132899,True,False,True,1.0,2000,20.0,2.157744409152647e+33,linear,100000,False,0.001,"{'St_Scaler__copy': True, 'St_Scaler__with_mean': False, 'St_Scaler__with_std': True, 'mdl_reg__C': 1.0, 'mdl_reg__cache_size': 2000, 'mdl_reg__epsilon': 20.0, 'mdl_reg__gamma': 2.157744409152647e+33, 'mdl_reg__kernel': 'linear', 'mdl_reg__max_iter': 100000, 'mdl_reg__shrinking': False, 'mdl_reg__tol': 0.001}",0.3345174483087766,0.3718749684246935,0.35962803571861446,0.2553486847279688,0.22769602753911722,0.3098130329438341,0.05771151406577836,1
56,1.238834285736084,0.21651965013501695,0.07215590476989746,0.013722389283492082,True,False,True,1.0,2000,20.0,4.645152752227511e+66,linear,100000,False,1e-06,"{'St_Scaler__copy': True, 'St_Scaler__with_mean': False, 'St_Scaler__with_std': True, 'mdl_reg__C': 1.0, 'mdl_reg__cache_size': 2000, 'mdl_reg__epsilon': 20.0, 'mdl_reg__gamma': 4.645152752227511e+66, 'mdl_reg__kernel': 'linear', 'mdl_reg__max_iter': 100000, 'mdl_reg__shrinking': False, 'mdl_reg__tol': 1e-06}",0.33451157968828615,0.3718750468632067,0.3596285465888588,0.2553486759331235,0.22769712638543815,0.3098121950917826,0.05771080570174237,13
57,1.2262428283691407,0.22125082098008833,0.07135615348815919,0.008885055407266206,True,False,True,1.0,2000,20.0,4.645152752227511e+66,linear,100000,False,1e-05,"{'St_Scaler__copy': True, 'St_Scaler__with_mean': False, 'St_Scaler__with_std': True, 'mdl_reg__C': 1.0, 'mdl_reg__cache_size': 2000, 'mdl_reg__epsilon': 20.0, 'mdl_reg__gamma': 4.645152752227511e+66, 'mdl_reg__kernel': 'linear', 'mdl_reg__max_iter': 100000, 'mdl_reg__shrinking': False, 'mdl_reg__tol': 1e-05}",0.3345116213382925,0.3718750468900891,0.35962854256002563,0.2553486733624536,0.2276971162111434,0.30981220007240085,0.05771081195765075,9
58,1.195662021636963,0.17835376217139864,0.06615972518920898,0.0038658937327846555,True,False,True,1.0,2000,20.0,4.645152752227511e+66,linear,100000,False,0.0001,"{'St_Scaler__copy': True, 'St_Scaler__with_mean': False, 'St_Scaler__with_std': True, 'mdl_reg__C': 1.0, 'mdl_reg__cache_size': 2000, 'mdl_reg__epsilon': 20.0, 'mdl_reg__gamma': 4.645152752227511e+66, 'mdl_reg__kernel': 'linear', 'mdl_reg__max_iter': 100000, 'mdl_reg__shrinking': False, 'mdl_reg__tol': 0.0001}",0.33451208742372984,0.3718749684246935,0.35962850581219397,0.2553486638972694,0.22769703197189894,0.3098122515059571,0.057710854391768505,5
59,1.1976603031158448,0.17134464114846737,0.08474740982055665,0.01385354861439107,True,False,True,1.0,2000,20.0,4.645152752227511e+66,linear,100000,False,0.001,"{'St_Scaler__copy': True, 'St_Scaler__with_mean': False, 'St_Scaler__with_std': True, 'mdl_reg__C': 1.0, 'mdl_reg__cache_size': 2000, 'mdl_reg__epsilon': 20.0, 'mdl_reg__gamma': 4.645152752227511e+66, 'mdl_reg__kernel': 'linear', 'mdl_reg__max_iter': 100000, 'mdl_reg__shrinking': False, 'mdl_reg__tol': 0.001}",0.3345174483087766,0.3718749684246935,0.35962803571861446,0.2553486847279688,0.22769602753911722,0.3098130329438341,0.05771151406577836,1
60,1.2688151359558106,0.2305154383547494,0.06975817680358887,0.007827866307609111,True,False,True,1.0,2000,20.0,1e+100,linear,100000,False,1e-06,"{'St_Scaler__copy': True, 'St_Scaler__with_mean': False, 'St_Scaler__with_std': True, 'mdl_reg__C': 1.0, 'mdl_reg__cache_size': 2000, 'mdl_reg__epsilon': 20.0, 'mdl_reg__gamma': 1e+100, 'mdl_reg__kernel': 'linear', 'mdl_reg__max_iter': 100000, 'mdl_reg__shrinking': False, 'mdl_reg__tol': 1e-06}",0.33451157968828615,0.3718750468632067,0.3596285465888588,0.2553486759331235,0.22769712638543815,0.3098121950917826,0.05771080570174237,13
61,1.2034568309783935,0.1894281199292828,0.06915783882141113,0.007542852138784082,True,False,True,1.0,2000,20.0,1e+100,linear,100000,False,1e-05,"{'St_Scaler__copy': True, 'St_Scaler__with_mean': False, 'St_Scaler__with_std': True, 'mdl_reg__C': 1.0, 'mdl_reg__cache_size': 2000, 'mdl_reg__epsilon': 20.0, 'mdl_reg__gamma': 1e+100, 'mdl_reg__kernel': 'linear', 'mdl_reg__max_iter': 100000, 'mdl_reg__shrinking': False, 'mdl_reg__tol': 1e-05}",0.3345116213382925,0.3718750468900891,0.35962854256002563,0.2553486733624536,0.2276971162111434,0.30981220007240085,0.05771081195765075,9
62,1.1826703548431396,0.18599967435235348,0.06655893325805665,0.006402001443412641,True,False,True,1.0,2000,20.0,1e+100,linear,100000,False,0.0001,"{'St_Scaler__copy': True, 'St_Scaler__with_mean': False, 'St_Scaler__with_std': True, 'mdl_reg__C': 1.0, 'mdl_reg__cache_size': 2000, 'mdl_reg__epsilon': 20.0, 'mdl_reg__gamma': 1e+100, 'mdl_reg__kernel': 'linear', 'mdl_reg__max_iter': 100000, 'mdl_reg__shrinking': False, 'mdl_reg__tol': 0.0001}",0.33451208742372984,0.3718749684246935,0.35962850581219397,0.2553486638972694,0.22769703197189894,0.3098122515059571,0.057710854391768505,5
63,1.2086541652679443,0.15984272171868283,0.07035646438598633,0.01534731451158536,True,False,True,1.0,2000,20.0,1e+100,linear,100000,False,0.001,"{'St_Scaler__copy': True, 'St_Scaler__with_mean': False, 'St_Scaler__with_std': True, 'mdl_reg__C': 1.0, 'mdl_reg__cache_size': 2000, 'mdl_reg__epsilon': 20.0, 'mdl_reg__gamma': 1e+100, 'mdl_reg__kernel': 'linear', 'mdl_reg__max_iter': 100000, 'mdl_reg__shrinking': False, 'mdl_reg__tol': 0.001}",0.3345174483087766,0.3718749684246935,0.35962803571861446,0.2553486847279688,0.22769602753911722,0.3098130329438341,0.05771151406577836,1
64,1.3837461471557617,0.064355231102715,0.09014458656311035,0.012944267914960792,True,True,True,1.0,2000,0.1,1.0023052380778996,linear,100000,False,1e-06,"{'St_Scaler__copy': True, 'St_Scaler__with_mean': True, 'St_Scaler__with_std': True, 'mdl_reg__C': 1.0, 'mdl_reg__cache_size': 2000, 'mdl_reg__epsilon': 0.1, 'mdl_reg__gamma': 1.0023052380778996, 'mdl_reg__kernel': 'linear', 'mdl_reg__max_iter': 100000, 'mdl_reg__shrinking': False, 'mdl_reg__tol': 1e-06}",0.32194810545541575,0.35590059913343897,0.3488415172393511,0.245089733809565,0.22696119820380023,0.29974823076831425,0.05355665614095074,113
65,1.3527637004852295,0.07426913150548768,0.0817492961883545,0.006042682522107241,True,True,True,1.0,2000,0.1,1.0023052380778996,linear,100000,False,1e-05,"{'St_Scaler__copy': True, 'St_Scaler__with_mean': True, 'St_Scaler__with_std': True, 'mdl_reg__C': 1.0, 'mdl_reg__cache_size': 2000, 'mdl_reg__epsilon': 0.1, 'mdl_reg__gamma': 1.0023052380778996, 'mdl_reg__kernel': 'linear', 'mdl_reg__max_iter': 100000, 'mdl_reg__shrinking': False, 'mdl_reg__tol': 1e-05}",0.3219481023440339,0.35590059176452604,0.3488415179525993,0.2450897274988364,0.2269611962346324,0.2997482271589256,0.053556656291917394,117
66,1.3739516258239746,0.06354945961738084,0.07335472106933594,0.0021521212067375046,True,True,True,1.0,2000,0.1,1.0023052380778996,linear,100000,False,0.0001,"{'St_Scaler__copy': True, 'St_Scaler__with_mean': True, 'St_Scaler__with_std': True, 'mdl_reg__C': 1.0, 'mdl_reg__cache_size': 2000, 'mdl_reg__epsilon': 0.1, 'mdl_reg__gamma': 1.0023052380778996, 'mdl_reg__kernel': 'linear', 'mdl_reg__max_iter': 100000, 'mdl_reg__shrinking': False, 'mdl_reg__tol': 0.0001}",0.3219480950711091,0.35590039392011774,0.3488415242122729,0.2450896116343837,0.226961148728813,0.29974815471333927,0.05355665191232203,121
67,1.332378101348877,0.0751311220886191,0.08634719848632813,0.012428505793195987,True,True,True,1.0,2000,0.1,1.0023052380778996,linear,100000,False,0.001,"{'St_Scaler__copy': True, 'St_Scaler__with_mean': True, 'St_Scaler__with_std': True, 'mdl_reg__C': 1.0, 'mdl_reg__cache_size': 2000, 'mdl_reg__epsilon': 0.1, 'mdl_reg__gamma': 1.0023052380778996, 'mdl_reg__kernel': 'linear', 'mdl_reg__max_iter': 100000, 'mdl_reg__shrinking': False, 'mdl_reg__tol': 0.001}",0.3219475799258855,0.35589912483090547,0.3488414351051976,0.2450888764407103,0.22696096534886712,0.2997475963303132,0.05355652666080975,125
68,1.382747268676758,0.0680134665687832,0.09354171752929688,0.01913577715986884,True,True,True,1.0,2000,0.1,2.157744409152647e+33,linear,100000,False,1e-06,"{'St_Scaler__copy': True, 'St_Scaler__with_mean': True, 'St_Scaler__with_std': True, 'mdl_reg__C': 1.0, 'mdl_reg__cache_size': 2000, 'mdl_reg__epsilon': 0.1, 'mdl_reg__gamma': 2.157744409152647e+33, 'mdl_reg__kernel': 'linear', 'mdl_reg__max_iter': 100000, 'mdl_reg__shrinking': False, 'mdl_reg__tol': 1e-06}",0.32194810545541575,0.35590059913343897,0.3488415172393511,0.245089733809565,0.22696119820380023,0.29974823076831425,0.05355665614095074,113
69,1.3851462364196778,0.10408465518436844,0.07995028495788574,0.010613625280226626,True,True,True,1.0,2000,0.1,2.157744409152647e+33,linear,100000,False,1e-05,"{'St_Scaler__copy': True, 'St_Scaler__with_mean': True, 'St_Scaler__with_std': True, 'mdl_reg__C': 1.0, 'mdl_reg__cache_size': 2000, 'mdl_reg__epsilon': 0.1, 'mdl_reg__gamma': 2.157744409152647e+33, 'mdl_reg__kernel': 'linear', 'mdl_reg__max_iter': 100000, 'mdl_reg__shrinking': False, 'mdl_reg__tol': 1e-05}",0.3219481023440339,0.35590059176452604,0.3488415179525993,0.2450897274988364,0.2269611962346324,0.2997482271589256,0.053556656291917394,117
70,1.348167085647583,0.06234089731330522,0.07575325965881348,0.0045760028411738285,True,True,True,1.0,2000,0.1,2.157744409152647e+33,linear,100000,False,0.0001,"{'St_Scaler__copy': True, 'St_Scaler__with_mean': True, 'St_Scaler__with_std': True, 'mdl_reg__C': 1.0, 'mdl_reg__cache_size': 2000, 'mdl_reg__epsilon': 0.1, 'mdl_reg__gamma': 2.157744409152647e+33, 'mdl_reg__kernel': 'linear', 'mdl_reg__max_iter': 100000, 'mdl_reg__shrinking': False, 'mdl_reg__tol': 0.0001}",0.3219480950711091,0.35590039392011774,0.3488415242122729,0.2450896116343837,0.226961148728813,0.29974815471333927,0.05355665191232203,121
71,1.3243817329406737,0.06193175658223964,0.0777519702911377,0.006581704881219372,True,True,True,1.0,2000,0.1,2.157744409152647e+33,linear,100000,False,0.001,"{'St_Scaler__copy': True, 'St_Scaler__with_mean': True, 'St_Scaler__with_std': True, 'mdl_reg__C': 1.0, 'mdl_reg__cache_size': 2000, 'mdl_reg__epsilon': 0.1, 'mdl_reg__gamma': 2.157744409152647e+33, 'mdl_reg__kernel': 'linear', 'mdl_reg__max_iter': 100000, 'mdl_reg__shrinking': False, 'mdl_reg__tol': 0.001}",0.3219475799258855,0.35589912483090547,0.3488414351051976,0.2450888764407103,0.22696096534886712,0.2997475963303132,0.05355652666080975,125
72,1.3831464290618896,0.08531565780857449,0.09554166793823242,0.009966990796851509,True,True,True,1.0,2000,0.1,4.645152752227511e+66,linear,100000,False,1e-06,"{'St_Scaler__copy': True, 'St_Scaler__with_mean': True, 'St_Scaler__with_std': True, 'mdl_reg__C': 1.0, 'mdl_reg__cache_size': 2000, 'mdl_reg__epsilon': 0.1, 'mdl_reg__gamma': 4.645152752227511e+66, 'mdl_reg__kernel': 'linear', 'mdl_reg__max_iter': 100000, 'mdl_reg__shrinking': False, 'mdl_reg__tol': 1e-06}",0.32194810545541575,0.35590059913343897,0.3488415172393511,0.245089733809565,0.22696119820380023,0.29974823076831425,0.05355665614095074,113
73,1.3841452121734619,0.09410831672140636,0.07675223350524903,0.006141072508129558,True,True,True,1.0,2000,0.1,4.645152752227511e+66,linear,100000,False,1e-05,"{'St_Scaler__copy': True, 'St_Scaler__with_mean': True, 'St_Scaler__with_std': True, 'mdl_reg__C': 1.0, 'mdl_reg__cache_size': 2000, 'mdl_reg__epsilon': 0.1, 'mdl_reg__gamma': 4.645152752227511e+66, 'mdl_reg__kernel': 'linear', 'mdl_reg__max_iter': 100000, 'mdl_reg__shrinking': False, 'mdl_reg__tol': 1e-05}",0.3219481023440339,0.35590059176452604,0.3488415179525993,0.2450897274988364,0.2269611962346324,0.2997482271589256,0.053556656291917394,117
74,1.340172576904297,0.061667460429352915,0.07715182304382324,0.0050323211116751025,True,True,True,1.0,2000,0.1,4.645152752227511e+66,linear,100000,False,0.0001,"{'St_Scaler__copy': True, 'St_Scaler__with_mean': True, 'St_Scaler__with_std': True, 'mdl_reg__C': 1.0, 'mdl_reg__cache_size': 2000, 'mdl_reg__epsilon': 0.1, 'mdl_reg__gamma': 4.645152752227511e+66, 'mdl_reg__kernel': 'linear', 'mdl_reg__max_iter': 100000, 'mdl_reg__shrinking': False, 'mdl_reg__tol': 0.0001}",0.3219480950711091,0.35590039392011774,0.3488415242122729,0.2450896116343837,0.226961148728813,0.29974815471333927,0.05355665191232203,121
75,1.3241843223571776,0.07802140240964733,0.09474005699157714,0.012726615452823825,True,True,True,1.0,2000,0.1,4.645152752227511e+66,linear,100000,False,0.001,"{'St_Scaler__copy': True, 'St_Scaler__with_mean': True, 'St_Scaler__with_std': True, 'mdl_reg__C': 1.0, 'mdl_reg__cache_size': 2000, 'mdl_reg__epsilon': 0.1, 'mdl_reg__gamma': 4.645152752227511e+66, 'mdl_reg__kernel': 'linear', 'mdl_reg__max_iter': 100000, 'mdl_reg__shrinking': False, 'mdl_reg__tol': 0.001}",0.3219475799258855,0.35589912483090547,0.3488414351051976,0.2450888764407103,0.22696096534886712,0.2997475963303132,0.05355652666080975,125
76,1.3861448287963867,0.08232190584249678,0.08154926300048829,0.014084744402074433,True,True,True,1.0,2000,0.1,1e+100,linear,100000,False,1e-06,"{'St_Scaler__copy': True, 'St_Scaler__with_mean': True, 'St_Scaler__with_std': True, 'mdl_reg__C': 1.0, 'mdl_reg__cache_size': 2000, 'mdl_reg__epsilon': 0.1, 'mdl_reg__gamma': 1e+100, 'mdl_reg__kernel': 'linear', 'mdl_reg__max_iter': 100000, 'mdl_reg__shrinking': False, 'mdl_reg__tol': 1e-06}",0.32194810545541575,0.35590059913343897,0.3488415172393511,0.245089733809565,0.22696119820380023,0.29974823076831425,0.05355665614095074,113
77,1.351765775680542,0.0562247159948084,0.07575383186340331,0.004704460037302242,True,True,True,1.0,2000,0.1,1e+100,linear,100000,False,1e-05,"{'St_Scaler__copy': True, 'St_Scaler__with_mean': True, 'St_Scaler__with_std': True, 'mdl_reg__C': 1.0, 'mdl_reg__cache_size': 2000, 'mdl_reg__epsilon': 0.1, 'mdl_reg__gamma': 1e+100, 'mdl_reg__kernel': 'linear', 'mdl_reg__max_iter': 100000, 'mdl_reg__shrinking': False, 'mdl_reg__tol': 1e-05}",0.3219481023440339,0.35590059176452604,0.3488415179525993,0.2450897274988364,0.2269611962346324,0.2997482271589256,0.053556656291917394,117
78,1.368155574798584,0.08557822175424952,0.09254240989685059,0.011901899094685049,True,True,True,1.0,2000,0.1,1e+100,linear,100000,False,0.0001,"{'St_Scaler__copy': True, 'St_Scaler__with_mean': True, 'St_Scaler__with_std': True, 'mdl_reg__C': 1.0, 'mdl_reg__cache_size': 2000, 'mdl_reg__epsilon': 0.1, 'mdl_reg__gamma': 1e+100, 'mdl_reg__kernel': 'linear', 'mdl_reg__max_iter': 100000, 'mdl_reg__shrinking': False, 'mdl_reg__tol': 0.0001}",0.3219480950711091,0.35590039392011774,0.3488415242122729,0.2450896116343837,0.226961148728813,0.29974815471333927,0.05355665191232203,121
79,1.3141892433166504,0.0546437923806984,0.07815227508544922,0.005415167302890721,True,True,True,1.0,2000,0.1,1e+100,linear,100000,False,0.001,"{'St_Scaler__copy': True, 'St_Scaler__with_mean': True, 'St_Scaler__with_std': True, 'mdl_reg__C': 1.0, 'mdl_reg__cache_size': 2000, 'mdl_reg__epsilon': 0.1, 'mdl_reg__gamma': 1e+100, 'mdl_reg__kernel': 'linear', 'mdl_reg__max_iter': 100000, 'mdl_reg__shrinking': False, 'mdl_reg__tol': 0.001}",0.3219475799258855,0.35589912483090547,0.3488414351051976,0.2450888764407103,0.22696096534886712,0.2997475963303132,0.05355652666080975,125
80,1.8084835529327392,0.4566599327484012,0.07835144996643066,0.01477758717501105,True,True,True,1.0,2000,6.7333333333333325,1.0023052380778996,linear,100000,False,1e-06,"{'St_Scaler__copy': True, 'St_Scaler__with_mean': True, 'St_Scaler__with_std': True, 'mdl_reg__C': 1.0, 'mdl_reg__cache_size': 2000, 'mdl_reg__epsilon': 6.7333333333333325, 'mdl_reg__gamma': 1.0023052380778996, 'mdl_reg__kernel': 'linear', 'mdl_reg__max_iter': 100000, 'mdl_reg__shrinking': False, 'mdl_reg__tol': 1e-06}",0.32325016547052676,0.35832676960547605,0.3496386147599765,0.24718152430386886,0.22983080202218187,0.30164557523240604,0.053115990911950434,101
81,1.7737069606781006,0.38264989225018625,0.07015528678894042,0.014963577015967794,True,True,True,1.0,2000,6.7333333333333325,1.0023052380778996,linear,100000,False,1e-05,"{'St_Scaler__copy': True, 'St_Scaler__with_mean': True, 'St_Scaler__with_std': True, 'mdl_reg__C': 1.0, 'mdl_reg__cache_size': 2000, 'mdl_reg__epsilon': 6.7333333333333325, 'mdl_reg__gamma': 1.0023052380778996, 'mdl_reg__kernel': 'linear', 'mdl_reg__max_iter': 100000, 'mdl_reg__shrinking': False, 'mdl_reg__tol': 1e-05}",0.3232501644936464,0.3583267672613283,0.34963861486990533,0.24718153692747735,0.2298307769458071,0.3016455720996329,0.0531159945440893,105
82,1.7399259567260743,0.4409161573093704,0.08274807929992675,0.01833540580307102,True,True,True,1.0,2000,6.7333333333333325,1.0023052380778996,linear,100000,False,0.0001,"{'St_Scaler__copy': True, 'St_Scaler__with_mean': True, 'St_Scaler__with_std': True, 'mdl_reg__C': 1.0, 'mdl_reg__cache_size': 2000, 'mdl_reg__epsilon': 6.7333333333333325, 'mdl_reg__gamma': 1.0023052380778996, 'mdl_reg__kernel': 'linear', 'mdl_reg__max_iter': 100000, 'mdl_reg__shrinking': False, 'mdl_reg__tol': 0.0001}",0.3232502004277198,0.35832674087436467,0.3496386171338195,0.24718175760697714,0.22983058988550575,0.3016455811856774,0.05311599757139702,97
83,1.7363285541534423,0.4379644855110131,0.0717559814453125,0.01432142332484491,True,True,True,1.0,2000,6.7333333333333325,1.0023052380778996,linear,100000,False,0.001,"{'St_Scaler__copy': True, 'St_Scaler__with_mean': True, 'St_Scaler__with_std': True, 'mdl_reg__C': 1.0, 'mdl_reg__cache_size': 2000, 'mdl_reg__epsilon': 6.7333333333333325, 'mdl_reg__gamma': 1.0023052380778996, 'mdl_reg__kernel': 'linear', 'mdl_reg__max_iter': 100000, 'mdl_reg__shrinking': False, 'mdl_reg__tol': 0.001}",0.3232510390201767,0.35832677755894393,0.3496383676371284,0.247182169880246,0.22982857440743953,0.3016453857007869,0.05311648899416582,109
84,1.8298712730407716,0.4205297703760735,0.08194966316223144,0.016409467575694194,True,True,True,1.0,2000,6.7333333333333325,2.157744409152647e+33,linear,100000,False,1e-06,"{'St_Scaler__copy': True, 'St_Scaler__with_mean': True, 'St_Scaler__with_std': True, 'mdl_reg__C': 1.0, 'mdl_reg__cache_size': 2000, 'mdl_reg__epsilon': 6.7333333333333325, 'mdl_reg__gamma': 2.157744409152647e+33, 'mdl_reg__kernel': 'linear', 'mdl_reg__max_iter': 100000, 'mdl_reg__shrinking': False, 'mdl_reg__tol': 1e-06}",0.32325016547052676,0.35832676960547605,0.3496386147599765,0.24718152430386886,0.22983080202218187,0.30164557523240604,0.053115990911950434,101
85,1.819077730178833,0.4490275392907528,0.07635326385498047,0.015541004384162569,True,True,True,1.0,2000,6.7333333333333325,2.157744409152647e+33,linear,100000,False,1e-05,"{'St_Scaler__copy': True, 'St_Scaler__with_mean': True, 'St_Scaler__with_std': True, 'mdl_reg__C': 1.0, 'mdl_reg__cache_size': 2000, 'mdl_reg__epsilon': 6.7333333333333325, 'mdl_reg__gamma': 2.157744409152647e+33, 'mdl_reg__kernel': 'linear', 'mdl_reg__max_iter': 100000, 'mdl_reg__shrinking': False, 'mdl_reg__tol': 1e-05}",0.3232501644936464,0.3583267672613283,0.34963861486990533,0.24718153692747735,0.2298307769458071,0.3016455720996329,0.0531159945440893,105
86,1.7507196426391602,0.3776365754140519,0.07375454902648926,0.008029841867868974,True,True,True,1.0,2000,6.7333333333333325,2.157744409152647e+33,linear,100000,False,0.0001,"{'St_Scaler__copy': True, 'St_Scaler__with_mean': True, 'St_Scaler__with_std': True, 'mdl_reg__C': 1.0, 'mdl_reg__cache_size': 2000, 'mdl_reg__epsilon': 6.7333333333333325, 'mdl_reg__gamma': 2.157744409152647e+33, 'mdl_reg__kernel': 'linear', 'mdl_reg__max_iter': 100000, 'mdl_reg__shrinking': False, 'mdl_reg__tol': 0.0001}",0.3232502004277198,0.35832674087436467,0.3496386171338195,0.24718175760697714,0.22983058988550575,0.3016455811856774,0.05311599757139702,97
87,1.7691076755523683,0.48294592472793113,0.082550048828125,0.015098913263822296,True,True,True,1.0,2000,6.7333333333333325,2.157744409152647e+33,linear,100000,False,0.001,"{'St_Scaler__copy': True, 'St_Scaler__with_mean': True, 'St_Scaler__with_std': True, 'mdl_reg__C': 1.0, 'mdl_reg__cache_size': 2000, 'mdl_reg__epsilon': 6.7333333333333325, 'mdl_reg__gamma': 2.157744409152647e+33, 'mdl_reg__kernel': 'linear', 'mdl_reg__max_iter': 100000, 'mdl_reg__shrinking': False, 'mdl_reg__tol': 0.001}",0.3232510390201767,0.35832677755894393,0.3496383676371284,0.247182169880246,0.22982857440743953,0.3016453857007869,0.05311648899416582,109
88,1.8034883499145509,0.3935917856136948,0.07435288429260253,0.018028704386244845,True,True,True,1.0,2000,6.7333333333333325,4.645152752227511e+66,linear,100000,False,1e-06,"{'St_Scaler__copy': True, 'St_Scaler__with_mean': True, 'St_Scaler__with_std': True, 'mdl_reg__C': 1.0, 'mdl_reg__cache_size': 2000, 'mdl_reg__epsilon': 6.7333333333333325, 'mdl_reg__gamma': 4.645152752227511e+66, 'mdl_reg__kernel': 'linear', 'mdl_reg__max_iter': 100000, 'mdl_reg__shrinking': False, 'mdl_reg__tol': 1e-06}",0.32325016547052676,0.35832676960547605,0.3496386147599765,0.24718152430386886,0.22983080202218187,0.30164557523240604,0.053115990911950434,101
89,1.7751035213470459,0.37782117839930046,0.0789515495300293,0.015839789676830966,True,True,True,1.0,2000,6.7333333333333325,4.645152752227511e+66,linear,100000,False,1e-05,"{'St_Scaler__copy': True, 'St_Scaler__with_mean': True, 'St_Scaler__with_std': True, 'mdl_reg__C': 1.0, 'mdl_reg__cache_size': 2000, 'mdl_reg__epsilon': 6.7333333333333325, 'mdl_reg__gamma': 4.645152752227511e+66, 'mdl_reg__kernel': 'linear', 'mdl_reg__max_iter': 100000, 'mdl_reg__shrinking': False, 'mdl_reg__tol': 1e-05}",0.3232501644936464,0.3583267672613283,0.34963861486990533,0.24718153692747735,0.2298307769458071,0.3016455720996329,0.0531159945440893,105
90,1.7091460704803467,0.43894412211689465,0.08254828453063964,0.013857911369447352,True,True,True,1.0,2000,6.7333333333333325,4.645152752227511e+66,linear,100000,False,0.0001,"{'St_Scaler__copy': True, 'St_Scaler__with_mean': True, 'St_Scaler__with_std': True, 'mdl_reg__C': 1.0, 'mdl_reg__cache_size': 2000, 'mdl_reg__epsilon': 6.7333333333333325, 'mdl_reg__gamma': 4.645152752227511e+66, 'mdl_reg__kernel': 'linear', 'mdl_reg__max_iter': 100000, 'mdl_reg__shrinking': False, 'mdl_reg__tol': 0.0001}",0.3232502004277198,0.35832674087436467,0.3496386171338195,0.24718175760697714,0.22983058988550575,0.3016455811856774,0.05311599757139702,97
91,1.6803640365600585,0.4558495937469588,0.08494706153869629,0.012813920567787896,True,True,True,1.0,2000,6.7333333333333325,4.645152752227511e+66,linear,100000,False,0.001,"{'St_Scaler__copy': True, 'St_Scaler__with_mean': True, 'St_Scaler__with_std': True, 'mdl_reg__C': 1.0, 'mdl_reg__cache_size': 2000, 'mdl_reg__epsilon': 6.7333333333333325, 'mdl_reg__gamma': 4.645152752227511e+66, 'mdl_reg__kernel': 'linear', 'mdl_reg__max_iter': 100000, 'mdl_reg__shrinking': False, 'mdl_reg__tol': 0.001}",0.3232510390201767,0.35832677755894393,0.3496383676371284,0.247182169880246,0.22982857440743953,0.3016453857007869,0.05311648899416582,109
92,1.8254725456237793,0.4472901562034309,0.07895221710205078,0.019055095609182813,True,True,True,1.0,2000,6.7333333333333325,1e+100,linear,100000,False,1e-06,"{'St_Scaler__copy': True, 'St_Scaler__with_mean': True, 'St_Scaler__with_std': True, 'mdl_reg__C': 1.0, 'mdl_reg__cache_size': 2000, 'mdl_reg__epsilon': 6.7333333333333325, 'mdl_reg__gamma': 1e+100, 'mdl_reg__kernel': 'linear', 'mdl_reg__max_iter': 100000, 'mdl_reg__shrinking': False, 'mdl_reg__tol': 1e-06}",0.32325016547052676,0.35832676960547605,0.3496386147599765,0.24718152430386886,0.22983080202218187,0.30164557523240604,0.053115990911950434,101
93,1.7435248374938965,0.3780008683903653,0.08934388160705567,0.015745192898728205,True,True,True,1.0,2000,6.7333333333333325,1e+100,linear,100000,False,1e-05,"{'St_Scaler__copy': True, 'St_Scaler__with_mean': True, 'St_Scaler__with_std': True, 'mdl_reg__C': 1.0, 'mdl_reg__cache_size': 2000, 'mdl_reg__epsilon': 6.7333333333333325, 'mdl_reg__gamma': 1e+100, 'mdl_reg__kernel': 'linear', 'mdl_reg__max_iter': 100000, 'mdl_reg__shrinking': False, 'mdl_reg__tol': 1e-05}",0.3232501644936464,0.3583267672613283,0.34963861486990533,0.24718153692747735,0.2298307769458071,0.3016455720996329,0.0531159945440893,105
94,1.7547177791595459,0.4471124906509442,0.08694586753845215,0.01677064373992137,True,True,True,1.0,2000,6.7333333333333325,1e+100,linear,100000,False,0.0001,"{'St_Scaler__copy': True, 'St_Scaler__with_mean': True, 'St_Scaler__with_std': True, 'mdl_reg__C': 1.0, 'mdl_reg__cache_size': 2000, 'mdl_reg__epsilon': 6.7333333333333325, 'mdl_reg__gamma': 1e+100, 'mdl_reg__kernel': 'linear', 'mdl_reg__max_iter': 100000, 'mdl_reg__shrinking': False, 'mdl_reg__tol': 0.0001}",0.3232502004277198,0.35832674087436467,0.3496386171338195,0.24718175760697714,0.22983058988550575,0.3016455811856774,0.05311599757139702,97
95,1.740724229812622,0.4145185988276746,0.07135725021362305,0.007332943529091065,True,True,True,1.0,2000,6.7333333333333325,1e+100,linear,100000,False,0.001,"{'St_Scaler__copy': True, 'St_Scaler__with_mean': True, 'St_Scaler__with_std': True, 'mdl_reg__C': 1.0, 'mdl_reg__cache_size': 2000, 'mdl_reg__epsilon': 6.7333333333333325, 'mdl_reg__gamma': 1e+100, 'mdl_reg__kernel': 'linear', 'mdl_reg__max_iter': 100000, 'mdl_reg__shrinking': False, 'mdl_reg__tol': 0.001}",0.3232510390201767,0.35832677755894393,0.3496383676371284,0.247182169880246,0.22982857440743953,0.3016453857007869,0.05311648899416582,109
96,1.6681695461273194,0.780234423314562,0.06476120948791504,0.012898474334888216,True,True,True,1.0,2000,13.366666666666665,1.0023052380778996,linear,100000,False,1e-06,"{'St_Scaler__copy': True, 'St_Scaler__with_mean': True, 'St_Scaler__with_std': True, 'mdl_reg__C': 1.0, 'mdl_reg__cache_size': 2000, 'mdl_reg__epsilon': 13.366666666666665, 'mdl_reg__gamma': 1.0023052380778996, 'mdl_reg__kernel': 'linear', 'mdl_reg__max_iter': 100000, 'mdl_reg__shrinking': False, 'mdl_reg__tol': 1e-06}",0.32816699779104175,0.3618157949186872,0.3530613204742937,0.24856355163773525,0.22655596130397437,0.3036327252251465,0.05550464408275331,93
97,1.5488439559936524,0.5413070609931655,0.06276173591613769,0.005908806744746299,True,True,True,1.0,2000,13.366666666666665,1.0023052380778996,linear,100000,False,1e-05,"{'St_Scaler__copy': True, 'St_Scaler__with_mean': True, 'St_Scaler__with_std': True, 'mdl_reg__C': 1.0, 'mdl_reg__cache_size': 2000, 'mdl_reg__epsilon': 13.366666666666665, 'mdl_reg__gamma': 1.0023052380778996, 'mdl_reg__kernel': 'linear', 'mdl_reg__max_iter': 100000, 'mdl_reg__shrinking': False, 'mdl_reg__tol': 1e-05}",0.32816699963292073,0.3618158076123791,0.35306131686644104,0.24856354936312575,0.2265559611153366,0.30363272691804066,0.055504646767993666,89
98,1.3401734352111816,0.3801534928862467,0.058364057540893556,0.006148224968336514,True,True,True,1.0,2000,13.366666666666665,1.0023052380778996,linear,100000,False,0.0001,"{'St_Scaler__copy': True, 'St_Scaler__with_mean': True, 'St_Scaler__with_std': True, 'mdl_reg__C': 1.0, 'mdl_reg__cache_size': 2000, 'mdl_reg__epsilon': 13.366666666666665, 'mdl_reg__gamma': 1.0023052380778996, 'mdl_reg__kernel': 'linear', 'mdl_reg__max_iter': 100000, 'mdl_reg__shrinking': False, 'mdl_reg__tol': 0.0001}",0.32816699773747504,0.361816090370912,0.35306134213870044,0.24856354798894642,0.22655595303740494,0.30363278625468776,0.05550471289848449,85
99,1.1802711963653565,0.2197317741132885,0.06795778274536132,0.008939636144167823,True,True,True,1.0,2000,13.366666666666665,1.0023052380778996,linear,100000,False,0.001,"{'St_Scaler__copy': True, 'St_Scaler__with_mean': True, 'St_Scaler__with_std': True, 'mdl_reg__C': 1.0, 'mdl_reg__cache_size': 2000, 'mdl_reg__epsilon': 13.366666666666665, 'mdl_reg__gamma': 1.0023052380778996, 'mdl_reg__kernel': 'linear', 'mdl_reg__max_iter': 100000, 'mdl_reg__shrinking': False, 'mdl_reg__tol': 0.001}",0.328167223053761,0.3618184038807569,0.35306164965274767,0.24856332535880832,0.22655629594188897,0.30363337957759257,0.05550522156507532,81
100,1.678364133834839,0.7553062789360878,0.0715559959411621,0.01299390794089072,True,True,True,1.0,2000,13.366666666666665,2.157744409152647e+33,linear,100000,False,1e-06,"{'St_Scaler__copy': True, 'St_Scaler__with_mean': True, 'St_Scaler__with_std': True, 'mdl_reg__C': 1.0, 'mdl_reg__cache_size': 2000, 'mdl_reg__epsilon': 13.366666666666665, 'mdl_reg__gamma': 2.157744409152647e+33, 'mdl_reg__kernel': 'linear', 'mdl_reg__max_iter': 100000, 'mdl_reg__shrinking': False, 'mdl_reg__tol': 1e-06}",0.32816699779104175,0.3618157949186872,0.3530613204742937,0.24856355163773525,0.22655596130397437,0.3036327252251465,0.05550464408275331,93
101,1.6202004909515382,0.6454980805348253,0.07415509223937988,0.014348846074326875,True,True,True,1.0,2000,13.366666666666665,2.157744409152647e+33,linear,100000,False,1e-05,"{'St_Scaler__copy': True, 'St_Scaler__with_mean': True, 'St_Scaler__with_std': True, 'mdl_reg__C': 1.0, 'mdl_reg__cache_size': 2000, 'mdl_reg__epsilon': 13.366666666666665, 'mdl_reg__gamma': 2.157744409152647e+33, 'mdl_reg__kernel': 'linear', 'mdl_reg__max_iter': 100000, 'mdl_reg__shrinking': False, 'mdl_reg__tol': 1e-05}",0.32816699963292073,0.3618158076123791,0.35306131686644104,0.24856354936312575,0.2265559611153366,0.30363272691804066,0.055504646767993666,89
102,1.356363344192505,0.3736266539618789,0.06456036567687988,0.010006365542278562,True,True,True,1.0,2000,13.366666666666665,2.157744409152647e+33,linear,100000,False,0.0001,"{'St_Scaler__copy': True, 'St_Scaler__with_mean': True, 'St_Scaler__with_std': True, 'mdl_reg__C': 1.0, 'mdl_reg__cache_size': 2000, 'mdl_reg__epsilon': 13.366666666666665, 'mdl_reg__gamma': 2.157744409152647e+33, 'mdl_reg__kernel': 'linear', 'mdl_reg__max_iter': 100000, 'mdl_reg__shrinking': False, 'mdl_reg__tol': 0.0001}",0.32816699773747504,0.361816090370912,0.35306134213870044,0.24856354798894642,0.22655595303740494,0.30363278625468776,0.05550471289848449,85
103,1.2154502868652344,0.24375117091567522,0.06336174011230469,0.014806737480095117,True,True,True,1.0,2000,13.366666666666665,2.157744409152647e+33,linear,100000,False,0.001,"{'St_Scaler__copy': True, 'St_Scaler__with_mean': True, 'St_Scaler__with_std': True, 'mdl_reg__C': 1.0, 'mdl_reg__cache_size': 2000, 'mdl_reg__epsilon': 13.366666666666665, 'mdl_reg__gamma': 2.157744409152647e+33, 'mdl_reg__kernel': 'linear', 'mdl_reg__max_iter': 100000, 'mdl_reg__shrinking': False, 'mdl_reg__tol': 0.001}",0.328167223053761,0.3618184038807569,0.35306164965274767,0.24856332535880832,0.22655629594188897,0.30363337957759257,0.05550522156507532,81
104,1.644784688949585,0.7477563400234103,0.07195611000061035,0.016373097757527717,True,True,True,1.0,2000,13.366666666666665,4.645152752227511e+66,linear,100000,False,1e-06,"{'St_Scaler__copy': True, 'St_Scaler__with_mean': True, 'St_Scaler__with_std': True, 'mdl_reg__C': 1.0, 'mdl_reg__cache_size': 2000, 'mdl_reg__epsilon': 13.366666666666665, 'mdl_reg__gamma': 4.645152752227511e+66, 'mdl_reg__kernel': 'linear', 'mdl_reg__max_iter': 100000, 'mdl_reg__shrinking': False, 'mdl_reg__tol': 1e-06}",0.32816699779104175,0.3618157949186872,0.3530613204742937,0.24856355163773525,0.22655596130397437,0.3036327252251465,0.05550464408275331,93
105,1.5094686508178712,0.5758715297836556,0.06296091079711914,0.007689140038198031,True,True,True,1.0,2000,13.366666666666665,4.645152752227511e+66,linear,100000,False,1e-05,"{'St_Scaler__copy': True, 'St_Scaler__with_mean': True, 'St_Scaler__with_std': True, 'mdl_reg__C': 1.0, 'mdl_reg__cache_size': 2000, 'mdl_reg__epsilon': 13.366666666666665, 'mdl_reg__gamma': 4.645152752227511e+66, 'mdl_reg__kernel': 'linear', 'mdl_reg__max_iter': 100000, 'mdl_reg__shrinking': False, 'mdl_reg__tol': 1e-05}",0.32816699963292073,0.3618158076123791,0.35306131686644104,0.24856354936312575,0.2265559611153366,0.30363272691804066,0.055504646767993666,89
106,1.3339773178100587,0.37431061945216304,0.05696554183959961,0.0025280556045553368,True,True,True,1.0,2000,13.366666666666665,4.645152752227511e+66,linear,100000,False,0.0001,"{'St_Scaler__copy': True, 'St_Scaler__with_mean': True, 'St_Scaler__with_std': True, 'mdl_reg__C': 1.0, 'mdl_reg__cache_size': 2000, 'mdl_reg__epsilon': 13.366666666666665, 'mdl_reg__gamma': 4.645152752227511e+66, 'mdl_reg__kernel': 'linear', 'mdl_reg__max_iter': 100000, 'mdl_reg__shrinking': False, 'mdl_reg__tol': 0.0001}",0.32816699773747504,0.361816090370912,0.35306134213870044,0.24856354798894642,0.22655595303740494,0.30363278625468776,0.05550471289848449,85
107,1.1808707237243652,0.20835776070750492,0.06356205940246581,0.012900456835393122,True,True,True,1.0,2000,13.366666666666665,4.645152752227511e+66,linear,100000,False,0.001,"{'St_Scaler__copy': True, 'St_Scaler__with_mean': True, 'St_Scaler__with_std': True, 'mdl_reg__C': 1.0, 'mdl_reg__cache_size': 2000, 'mdl_reg__epsilon': 13.366666666666665, 'mdl_reg__gamma': 4.645152752227511e+66, 'mdl_reg__kernel': 'linear', 'mdl_reg__max_iter': 100000, 'mdl_reg__shrinking': False, 'mdl_reg__tol': 0.001}",0.328167223053761,0.3618184038807569,0.35306164965274767,0.24856332535880832,0.22655629594188897,0.30363337957759257,0.05550522156507532,81
108,1.6857590198516845,0.7431697072263763,0.0735551357269287,0.015910987558496497,True,True,True,1.0,2000,13.366666666666665,1e+100,linear,100000,False,1e-06,"{'St_Scaler__copy': True, 'St_Scaler__with_mean': True, 'St_Scaler__with_std': True, 'mdl_reg__C': 1.0, 'mdl_reg__cache_size': 2000, 'mdl_reg__epsilon': 13.366666666666665, 'mdl_reg__gamma': 1e+100, 'mdl_reg__kernel': 'linear', 'mdl_reg__max_iter': 100000, 'mdl_reg__shrinking': False, 'mdl_reg__tol': 1e-06}",0.32816699779104175,0.3618157949186872,0.3530613204742937,0.24856355163773525,0.22655596130397437,0.3036327252251465,0.05550464408275331,93
109,1.5564395427703857,0.5637266869955178,0.07455315589904785,0.014366527575421228,True,True,True,1.0,2000,13.366666666666665,1e+100,linear,100000,False,1e-05,"{'St_Scaler__copy': True, 'St_Scaler__with_mean': True, 'St_Scaler__with_std': True, 'mdl_reg__C': 1.0, 'mdl_reg__cache_size': 2000, 'mdl_reg__epsilon': 13.366666666666665, 'mdl_reg__gamma': 1e+100, 'mdl_reg__kernel': 'linear', 'mdl_reg__max_iter': 100000, 'mdl_reg__shrinking': False, 'mdl_reg__tol': 1e-05}",0.32816699963292073,0.3618158076123791,0.35306131686644104,0.24856354936312575,0.2265559611153366,0.30363272691804066,0.055504646767993666,89
110,1.3445703983306885,0.3584805539824581,0.06396160125732422,0.009438660508883975,True,True,True,1.0,2000,13.366666666666665,1e+100,linear,100000,False,0.0001,"{'St_Scaler__copy': True, 'St_Scaler__with_mean': True, 'St_Scaler__with_std': True, 'mdl_reg__C': 1.0, 'mdl_reg__cache_size': 2000, 'mdl_reg__epsilon': 13.366666666666665, 'mdl_reg__gamma': 1e+100, 'mdl_reg__kernel': 'linear', 'mdl_reg__max_iter': 100000, 'mdl_reg__shrinking': False, 'mdl_reg__tol': 0.0001}",0.32816699773747504,0.361816090370912,0.35306134213870044,0.24856354798894642,0.22655595303740494,0.30363278625468776,0.05550471289848449,85
111,1.2230454444885255,0.22963306522862714,0.06436033248901367,0.009128367952650221,True,True,True,1.0,2000,13.366666666666665,1e+100,linear,100000,False,0.001,"{'St_Scaler__copy': True, 'St_Scaler__with_mean': True, 'St_Scaler__with_std': True, 'mdl_reg__C': 1.0, 'mdl_reg__cache_size': 2000, 'mdl_reg__epsilon': 13.366666666666665, 'mdl_reg__gamma': 1e+100, 'mdl_reg__kernel': 'linear', 'mdl_reg__max_iter': 100000, 'mdl_reg__shrinking': False, 'mdl_reg__tol': 0.001}",0.328167223053761,0.3618184038807569,0.35306164965274767,0.24856332535880832,0.22655629594188897,0.30363337957759257,0.05550522156507532,81
112,1.033162260055542,0.15663126618662826,0.04497213363647461,0.0012643296507673172,True,True,True,1.0,2000,20.0,1.0023052380778996,linear,100000,False,1e-06,"{'St_Scaler__copy': True, 'St_Scaler__with_mean': True, 'St_Scaler__with_std': True, 'mdl_reg__C': 1.0, 'mdl_reg__cache_size': 2000, 'mdl_reg__epsilon': 20.0, 'mdl_reg__gamma': 1.0023052380778996, 'mdl_reg__kernel': 'linear', 'mdl_reg__max_iter': 100000, 'mdl_reg__shrinking': False, 'mdl_reg__tol': 1e-06}",0.33235947568557145,0.3685887396389049,0.35581692246275265,0.2505141519311057,0.226426988251768,0.3067412555940206,0.057448575764757,45
113,1.0177720069885254,0.17206254199062282,0.047171163558959964,0.0034274603280024874,True,True,True,1.0,2000,20.0,1.0023052380778996,linear,100000,False,1e-05,"{'St_Scaler__copy': True, 'St_Scaler__with_mean': True, 'St_Scaler__with_std': True, 'mdl_reg__C': 1.0, 'mdl_reg__cache_size': 2000, 'mdl_reg__epsilon': 20.0, 'mdl_reg__gamma': 1.0023052380778996, 'mdl_reg__kernel': 'linear', 'mdl_reg__max_iter': 100000, 'mdl_reg__shrinking': False, 'mdl_reg__tol': 1e-05}",0.33235950657282964,0.36858873765238476,0.3558169205892213,0.2505141588221894,0.22642698353122936,0.30674126143357094,0.05744857774263667,41
114,1.0197694778442383,0.19479199644848677,0.050169944763183594,0.005772609189159833,True,True,True,1.0,2000,20.0,1.0023052380778996,linear,100000,False,0.0001,"{'St_Scaler__copy': True, 'St_Scaler__with_mean': True, 'St_Scaler__with_std': True, 'mdl_reg__C': 1.0, 'mdl_reg__cache_size': 2000, 'mdl_reg__epsilon': 20.0, 'mdl_reg__gamma': 1.0023052380778996, 'mdl_reg__kernel': 'linear', 'mdl_reg__max_iter': 100000, 'mdl_reg__shrinking': False, 'mdl_reg__tol': 0.0001}",0.33235973742294744,0.36858875299476235,0.3558169046314589,0.2505141848736626,0.2264269496675675,0.3067413059180798,0.05744860327741138,37
115,1.0119757175445556,0.21057547266941296,0.04956965446472168,0.0034963223735799158,True,True,True,1.0,2000,20.0,1.0023052380778996,linear,100000,False,0.001,"{'St_Scaler__copy': True, 'St_Scaler__with_mean': True, 'St_Scaler__with_std': True, 'mdl_reg__C': 1.0, 'mdl_reg__cache_size': 2000, 'mdl_reg__epsilon': 20.0, 'mdl_reg__gamma': 1.0023052380778996, 'mdl_reg__kernel': 'linear', 'mdl_reg__max_iter': 100000, 'mdl_reg__shrinking': False, 'mdl_reg__tol': 0.001}",0.3323612922308423,0.368589015840333,0.3558167380506835,0.25051429811418124,0.22642540096758468,0.3067413490407249,0.05744918094260778,33
116,1.047352123260498,0.14448737853199992,0.05556635856628418,0.009640213319453545,True,True,True,1.0,2000,20.0,2.157744409152647e+33,linear,100000,False,1e-06,"{'St_Scaler__copy': True, 'St_Scaler__with_mean': True, 'St_Scaler__with_std': True, 'mdl_reg__C': 1.0, 'mdl_reg__cache_size': 2000, 'mdl_reg__epsilon': 20.0, 'mdl_reg__gamma': 2.157744409152647e+33, 'mdl_reg__kernel': 'linear', 'mdl_reg__max_iter': 100000, 'mdl_reg__shrinking': False, 'mdl_reg__tol': 1e-06}",0.33235947568557145,0.3685887396389049,0.35581692246275265,0.2505141519311057,0.226426988251768,0.3067412555940206,0.057448575764757,45
117,1.007778024673462,0.16336551937946375,0.052367353439331056,0.008704541178089909,True,True,True,1.0,2000,20.0,2.157744409152647e+33,linear,100000,False,1e-05,"{'St_Scaler__copy': True, 'St_Scaler__with_mean': True, 'St_Scaler__with_std': True, 'mdl_reg__C': 1.0, 'mdl_reg__cache_size': 2000, 'mdl_reg__epsilon': 20.0, 'mdl_reg__gamma': 2.157744409152647e+33, 'mdl_reg__kernel': 'linear', 'mdl_reg__max_iter': 100000, 'mdl_reg__shrinking': False, 'mdl_reg__tol': 1e-05}",0.33235950657282964,0.36858873765238476,0.3558169205892213,0.2505141588221894,0.22642698353122936,0.30674126143357094,0.05744857774263667,41
118,0.9943854331970214,0.18331963409969795,0.046570968627929685,0.0028692987768163068,True,True,True,1.0,2000,20.0,2.157744409152647e+33,linear,100000,False,0.0001,"{'St_Scaler__copy': True, 'St_Scaler__with_mean': True, 'St_Scaler__with_std': True, 'mdl_reg__C': 1.0, 'mdl_reg__cache_size': 2000, 'mdl_reg__epsilon': 20.0, 'mdl_reg__gamma': 2.157744409152647e+33, 'mdl_reg__kernel': 'linear', 'mdl_reg__max_iter': 100000, 'mdl_reg__shrinking': False, 'mdl_reg__tol': 0.0001}",0.33235973742294744,0.36858875299476235,0.3558169046314589,0.2505141848736626,0.2264269496675675,0.3067413059180798,0.05744860327741138,37
119,0.9740006923675537,0.19103974967964762,0.04796843528747559,0.004644924696000269,True,True,True,1.0,2000,20.0,2.157744409152647e+33,linear,100000,False,0.001,"{'St_Scaler__copy': True, 'St_Scaler__with_mean': True, 'St_Scaler__with_std': True, 'mdl_reg__C': 1.0, 'mdl_reg__cache_size': 2000, 'mdl_reg__epsilon': 20.0, 'mdl_reg__gamma': 2.157744409152647e+33, 'mdl_reg__kernel': 'linear', 'mdl_reg__max_iter': 100000, 'mdl_reg__shrinking': False, 'mdl_reg__tol': 0.001}",0.3323612922308423,0.368589015840333,0.3558167380506835,0.25051429811418124,0.22642540096758468,0.3067413490407249,0.05744918094260778,33
120,1.0445555210113526,0.16210600072923703,0.04876985549926758,0.005907966433477965,True,True,True,1.0,2000,20.0,4.645152752227511e+66,linear,100000,False,1e-06,"{'St_Scaler__copy': True, 'St_Scaler__with_mean': True, 'St_Scaler__with_std': True, 'mdl_reg__C': 1.0, 'mdl_reg__cache_size': 2000, 'mdl_reg__epsilon': 20.0, 'mdl_reg__gamma': 4.645152752227511e+66, 'mdl_reg__kernel': 'linear', 'mdl_reg__max_iter': 100000, 'mdl_reg__shrinking': False, 'mdl_reg__tol': 1e-06}",0.33235947568557145,0.3685887396389049,0.35581692246275265,0.2505141519311057,0.226426988251768,0.3067412555940206,0.057448575764757,45
121,1.0175732612609862,0.16661655361300093,0.05316662788391113,0.004952471657353728,True,True,True,1.0,2000,20.0,4.645152752227511e+66,linear,100000,False,1e-05,"{'St_Scaler__copy': True, 'St_Scaler__with_mean': True, 'St_Scaler__with_std': True, 'mdl_reg__C': 1.0, 'mdl_reg__cache_size': 2000, 'mdl_reg__epsilon': 20.0, 'mdl_reg__gamma': 4.645152752227511e+66, 'mdl_reg__kernel': 'linear', 'mdl_reg__max_iter': 100000, 'mdl_reg__shrinking': False, 'mdl_reg__tol': 1e-05}",0.33235950657282964,0.36858873765238476,0.3558169205892213,0.2505141588221894,0.22642698353122936,0.30674126143357094,0.05744857774263667,41
122,0.9879908561706543,0.1828121861172449,0.051168060302734374,0.007021142789655453,True,True,True,1.0,2000,20.0,4.645152752227511e+66,linear,100000,False,0.0001,"{'St_Scaler__copy': True, 'St_Scaler__with_mean': True, 'St_Scaler__with_std': True, 'mdl_reg__C': 1.0, 'mdl_reg__cache_size': 2000, 'mdl_reg__epsilon': 20.0, 'mdl_reg__gamma': 4.645152752227511e+66, 'mdl_reg__kernel': 'linear', 'mdl_reg__max_iter': 100000, 'mdl_reg__shrinking': False, 'mdl_reg__tol': 0.0001}",0.33235973742294744,0.36858875299476235,0.3558169046314589,0.2505141848736626,0.2264269496675675,0.3067413059180798,0.05744860327741138,37
123,0.9616067409515381,0.18601480997683117,0.045772123336791995,0.0014682574731096725,True,True,True,1.0,2000,20.0,4.645152752227511e+66,linear,100000,False,0.001,"{'St_Scaler__copy': True, 'St_Scaler__with_mean': True, 'St_Scaler__with_std': True, 'mdl_reg__C': 1.0, 'mdl_reg__cache_size': 2000, 'mdl_reg__epsilon': 20.0, 'mdl_reg__gamma': 4.645152752227511e+66, 'mdl_reg__kernel': 'linear', 'mdl_reg__max_iter': 100000, 'mdl_reg__shrinking': False, 'mdl_reg__tol': 0.001}",0.3323612922308423,0.368589015840333,0.3558167380506835,0.25051429811418124,0.22642540096758468,0.3067413490407249,0.05744918094260778,33
124,1.046353816986084,0.16278517451001676,0.04677138328552246,0.00213421585889032,True,True,True,1.0,2000,20.0,1e+100,linear,100000,False,1e-06,"{'St_Scaler__copy': True, 'St_Scaler__with_mean': True, 'St_Scaler__with_std': True, 'mdl_reg__C': 1.0, 'mdl_reg__cache_size': 2000, 'mdl_reg__epsilon': 20.0, 'mdl_reg__gamma': 1e+100, 'mdl_reg__kernel': 'linear', 'mdl_reg__max_iter': 100000, 'mdl_reg__shrinking': False, 'mdl_reg__tol': 1e-06}",0.33235947568557145,0.3685887396389049,0.35581692246275265,0.2505141519311057,0.226426988251768,0.3067412555940206,0.057448575764757,45
125,1.0113746643066406,0.1653116821019052,0.05536594390869141,0.008494633034984145,True,True,True,1.0,2000,20.0,1e+100,linear,100000,False,1e-05,"{'St_Scaler__copy': True, 'St_Scaler__with_mean': True, 'St_Scaler__with_std': True, 'mdl_reg__C': 1.0, 'mdl_reg__cache_size': 2000, 'mdl_reg__epsilon': 20.0, 'mdl_reg__gamma': 1e+100, 'mdl_reg__kernel': 'linear', 'mdl_reg__max_iter': 100000, 'mdl_reg__shrinking': False, 'mdl_reg__tol': 1e-05}",0.33235950657282964,0.36858873765238476,0.3558169205892213,0.2505141588221894,0.22642698353122936,0.30674126143357094,0.05744857774263667,41
126,0.9929882526397705,0.19179785377996023,0.04736957550048828,0.0034966751888465715,True,True,True,1.0,2000,20.0,1e+100,linear,100000,False,0.0001,"{'St_Scaler__copy': True, 'St_Scaler__with_mean': True, 'St_Scaler__with_std': True, 'mdl_reg__C': 1.0, 'mdl_reg__cache_size': 2000, 'mdl_reg__epsilon': 20.0, 'mdl_reg__gamma': 1e+100, 'mdl_reg__kernel': 'linear', 'mdl_reg__max_iter': 100000, 'mdl_reg__shrinking': False, 'mdl_reg__tol': 0.0001}",0.33235973742294744,0.36858875299476235,0.3558169046314589,0.2505141848736626,0.2264269496675675,0.3067413059180798,0.05744860327741138,37
127,0.9478161334991455,0.18184145710631164,0.04297285079956055,0.0014128298469326152,True,True,True,1.0,2000,20.0,1e+100,linear,100000,False,0.001,"{'St_Scaler__copy': True, 'St_Scaler__with_mean': True, 'St_Scaler__with_std': True, 'mdl_reg__C': 1.0, 'mdl_reg__cache_size': 2000, 'mdl_reg__epsilon': 20.0, 'mdl_reg__gamma': 1e+100, 'mdl_reg__kernel': 'linear', 'mdl_reg__max_iter': 100000, 'mdl_reg__shrinking': False, 'mdl_reg__tol': 0.001}",0.3323612922308423,0.368589015840333,0.3558167380506835,0.25051429811418124,0.22642540096758468,0.3067413490407249,0.05744918094260778,33
